"","sampleID.exp","test1.exp","allP.exp","ztest1","zallP","month","june","aug","exp.adjust","exp.adjustTest1","stress"
"1","10_A_65",19540,23230,-0.456975991705421,0.214966789112269,"june",1,0,1837.80405330895,21377.804053309,1852.19594669105
"2","10_C_67",19090,22590,-0.657348974951645,0.0928276801607043,"june",1,0,1732.82478346261,20822.8247834626,1767.17521653739
"3","10_D_68",19550,22850,-0.452523258744393,0.142446693172278,"june",1,0,1820.84067373489,21370.8406737349,1479.15932626511
"4","162_A_941",17860,23240,-1.20503512915799,0.216875212689637,"june",1,0,1514.29404454618,19374.2940445462,3865.70595545382
"5","162_B_942",17800,24030,-1.23175152692415,0.367640675301725,"june",1,0,1568.44927003175,19368.4492700317,4661.55072996825
"6",NA,NA,NA,NA,NA,NA,NA,NA,NA,NA,NA
"7","162_D_944",17800,21540,-1.23175152692415,-0.107556795462957,"june",1,0,1352.41116689518,19152.4111668952,2387.58883310482
"8",NA,NA,NA,NA,NA,NA,NA,NA,NA,NA,NA
"9","166_C_967",19100,22490,-0.652896241990617,0.073743444387022,"june",1,0,1727.94141506164,20827.9414150616,1662.05858493836
"10","170_A_989",18900,20680,-0.741950901211162,-0.271681223116622,"june",1,0,1545.91197525084,20445.9119752508,234.088024749155
"11","170_B_990",18070,24490,-1.11152773697642,0.455428159860662,"june",1,0,1668.21513530685,19738.2151353069,4751.78486469315
"12","170_C_991",18270,20420,-1.02247307775588,-0.321300236128194,"june",1,0,1374.95529174974,19644.9552917497,775.044708250258
"13","170_D_992",18530,21390,-0.906702020769168,-0.136183149123479,"june",1,0,1518.40330814575,20048.4033081458,1341.59669185425
"14","188_A_1197",20000,21930,-0.252150275498169,-0.0331282759455968,"june",1,0,1835.56126974668,21835.5612697467,94.4387302533141
"15","188_B_1198",22710,28770,0.954540356940204,1.27223345097425,"june",1,0,2460.59525201414,25170.5952520141,3599.40474798586
"16","19_A_125",21440,23580,0.389043270889749,0.281761614320156,"june",1,0,2019.36577452433,23459.3657745243,120.634225475671
"17","19_B_126",19550,23990,-0.452523258744393,0.360006980992252,"june",1,0,1871.18512290595,21421.1851229059,2568.81487709405
"18","19_C_127",18900,23760,-0.741950901211162,0.316113238712784,"june",1,0,1774.0182642125,20674.0182642125,3085.9817357875
"19",NA,NA,NA,NA,NA,NA,NA,NA,NA,NA,NA
"20",NA,NA,NA,NA,NA,NA,NA,NA,NA,NA,NA
"21","201_B_1270",19160,22550,-0.626179844224454,0.0851939858512317,"june",1,0,1742.74093760234,20902.7409376023,1647.25906239766
"22","201_D_1272",20420,24520,-0.0651354911350256,0.461153430592766,"june",1,0,1961.58953296539,22381.5895329654,2138.41046703461
"23","206_A_1329",18950,22650,-0.719687236406026,0.104278221624913,"june",1,0,1710.80096092913,20660.8009609291,1989.19903907087
"24",NA,NA,NA,NA,NA,NA,NA,NA,NA,NA,NA
"25",NA,NA,NA,NA,NA,NA,NA,NA,NA,NA,NA
"26",NA,NA,NA,NA,NA,NA,NA,NA,NA,NA,NA
"27",NA,NA,NA,NA,NA,NA,NA,NA,NA,NA,NA
"28","209_C_1367",18650,23540,-0.853269225236843,0.274127920010683,"june",1,0,1715.68387857828,20365.6838785783,3174.31612142173
"29",NA,NA,NA,NA,NA,NA,NA,NA,NA,NA,NA
"30","212_A_1401",20780,23120,0.0951628954619536,0.193974129761219,"june",1,0,1952.61447088135,22732.6144708814,387.385529118648
"31",NA,NA,NA,NA,NA,NA,NA,NA,NA,NA,NA
"32","212_C_1403",19530,22100,-0.461428724666447,-0.000685075130337096,"june",1,0,1777.09840620787,21307.0984062079,792.901593792132
"33",NA,NA,NA,NA,NA,NA,NA,NA,NA,NA,NA
"34",NA,NA,NA,NA,NA,NA,NA,NA,NA,NA,NA
"35","214_C_1427",19830,23630,-0.327846735835632,0.291303732206997,"june",1,0,1886.43927077591,21716.4392707759,1913.56072922409
"36",NA,NA,NA,NA,NA,NA,NA,NA,NA,NA,NA
"37","221_B_1510",19920,23480,-0.287772139186386,0.262677378546474,"june",1,0,1889.93147687453,21809.9314768745,1670.06852312547
"38","221_C_1511",24820,32920,1.89406701171694,2.06422923558205,"june",1,0,3302.62083666323,28122.6208366632,4797.37916333677
"39","231_A_1629",20030,23450,-0.238792076615087,0.256952107814369,"june",1,0,1899.35176828252,21929.3517682825,1520.64823171748
"40",NA,NA,NA,NA,NA,NA,NA,NA,NA,NA,NA
"41",NA,NA,NA,NA,NA,NA,NA,NA,NA,NA,NA
"42","233_B_1654",20140,28410,-0.189812014043788,1.203530202189,"june",1,0,2043.40410727802,22183.404107278,6226.59589272198
"43","233_C_1655",20810,29820,0.108521094345034,1.47261792659791,"june",1,0,2185.24327673173,22995.2432767317,6824.75672326827
"44",NA,NA,NA,NA,NA,NA,NA,NA,NA,NA,NA
"45",NA,NA,NA,NA,NA,NA,NA,NA,NA,NA,NA
"46","236_D_1692",23500,26600,1.30630626086135,0.858105534685352,"june",1,0,2456.83088385508,25956.8308838551,643.169116144923
"47","242_A_1761",19230,22470,-0.595010713497264,0.0699265972322857,"june",1,0,1749.84985825435,20979.8498582544,1490.15014174565
"48","242_B_1762",19220,23750,-0.599463446458292,0.314204815135415,"june",1,0,1820.96671688693,21040.9667168869,2709.03328311307
"49","242_C_1763",18520,22460,-0.911154753730196,0.0680181736549179,"june",1,0,1605.72345400039,20125.7234540004,2334.27654599961
"50","242_D_1764",23450,26220,1.28404259605622,0.78558543874536,"june",1,0,2428.50339503145,25878.5033950314,341.496604968554
"51","243_A_1793",22190,27750,0.72299824296679,1.07757424608269,"june",1,0,2304.18832160742,24494.1883216074,3255.81167839258
"52","243_B_1794",21000,28890,0.193123020604552,1.29513453390267,"june",1,0,2166.52768604322,23166.5276860432,5723.47231395678
"53",NA,NA,NA,NA,NA,NA,NA,NA,NA,NA,NA
"54","243_D_1796",21420,25700,0.380137804967695,0.686347412722214,"june",1,0,2085.75210327552,23505.7521032755,2194.24789672448
"55",NA,NA,NA,NA,NA,NA,NA,NA,NA,NA,NA
"56","245_B_1798",20900,26820,0.148595690994279,0.900090853387452,"june",1,0,2067.1580709763,22967.1580709763,3852.8419290237
"57","245_D_1800",27300,31300,2.99834478605169,1.7550646160484,"june",1,0,3759.7790957691,31059.7790957691,240.220904230904
"58",NA,NA,NA,NA,NA,NA,NA,NA,NA,NA,NA
"59","248_B_1834",21180,29140,0.273272213903041,1.34284512333687,"june",1,0,2208.32433784925,23388.3243378493,5751.67566215075
"60","248_C_1835",19600,21900,-0.430259593939257,-0.0388535466777016,"june",1,0,1776.49389516788,21376.4938951679,523.506104832119
"61","248_D_1836",20000,25730,-0.252150275498169,0.692072683454318,"june",1,0,1961.2237465798,21961.2237465798,3768.7762534202
"62",NA,NA,NA,NA,NA,NA,NA,NA,NA,NA,NA
"63","250_C_1859",23030,30800,1.09702781169308,1.65964343717999,"june",1,0,2662.95396380886,25692.9539638089,5107.04603619114
"64",NA,NA,NA,NA,NA,NA,NA,NA,NA,NA,NA
"65","30_B_186",24270,30340,1.64916669886045,1.57185595262106,"june",1,0,2835.70255491606,27105.7025549161,3234.29744508394
"66","30_C_187",18410,24910,-0.960134816301495,0.535581950110126,"june",1,0,1762.60989326242,20172.6098932624,4737.39010673758
"67","30_D_188",20450,27580,-0.0517772922519451,1.04513104526743,"june",1,0,2046.58467234528,22496.5846723453,5083.41532765473
"68","35_A_221",22430,26510,0.829863834031442,0.840929722489038,"june",1,0,2275.10246473986,24705.1024647399,1804.89753526014
"69","35_C_223",18380,22640,-0.973493015184577,0.102369798047545,"june",1,0,1588.41089433655,19968.4108943365,2671.58910566345
"70","35_D_224",20550,22650,-0.00724996264167236,0.104278221624913,"june",1,0,1920.33696200363,22470.3369620036,179.663037996372
"71","46_A_281",18130,21650,-1.08481133921026,-0.0865641361119065,"june",1,0,1443.29565921829,19573.2956592183,2076.70434078171
"72",NA,NA,NA,NA,NA,NA,NA,NA,NA,NA,NA
"73","46_C_283",19210,25170,-0.603916179419318,0.5852009631217,"june",1,0,1880.49177111603,21090.491771116,4079.50822888397
"74","46_D_284",21350,26540,0.348968674240504,0.846654993221142,"june",1,0,2109.5932558897,23459.5932558897,3080.4067441103
"75",NA,NA,NA,NA,NA,NA,NA,NA,NA,NA,NA
"76",NA,NA,NA,NA,NA,NA,NA,NA,NA,NA,NA
"77",NA,NA,NA,NA,NA,NA,NA,NA,NA,NA,NA
"78",NA,NA,NA,NA,NA,NA,NA,NA,NA,NA,NA
"79","101",19650,25460,0.377210734848822,0.193705757313966,"aug",0,1,2002.12177782252,21652.1217778225,3807.87822217748
"80","102",18930,24470,-0.0803149818385482,-0.029192600949171,"aug",0,1,1864.7321191226,20794.7321191226,3675.2678808774
"81","103",19110,21080,0.0340664473332942,-0.792450615607791,"aug",0,1,1664.00881656423,20774.0088165642,305.991183435774
"82",NA,NA,NA,NA,NA,NA,NA,NA,NA,NA,NA
"83","113",20710,27840,1.05079026219412,0.729562416572821,"aug",0,1,2361.4279933914,23071.4279933914,4768.5720066086
"84","114",19000,22690,-0.035833314938387,-0.429959346109154,"aug",0,1,1766.74216555767,20766.7421655577,1923.25783444233
"85","116",18530,29310,-0.334495935553753,1.06053270611505,"aug",0,1,2007.72323473122,20537.7232347312,8772.27676526878
"86","137",18490,24450,-0.359914030925275,-0.0336955980857999,"aug",0,1,1774.49319042914,20264.4931904291,4185.50680957086
"87","138",18620,20800,-0.277305220967832,-0.855492575520597,"aug",0,1,1488.20179724163,20108.2017972416,691.798202758371
"88","139",18890,24900,-0.105733077210068,0.0676218374883531,"aug",0,1,1879.96790316709,20769.9679031671,4130.03209683291
"89","140",17530,22440,-0.969948319841768,-0.486246810317017,"aug",0,1,1287.2111054486,18817.2111054486,3622.7888945514
"90","149",17660,24710,-0.887339509884326,0.0248433646903778,"aug",0,1,1552.91036346975,19212.9103634697,5497.08963653025
"91","151",21240,23600,1.38758002586676,-0.225072976392533,"aug",0,1,2193.87582802518,23433.8758280252,166.124171974818
"92",NA,NA,NA,NA,NA,NA,NA,NA,NA,NA,NA
"93",NA,NA,NA,NA,NA,NA,NA,NA,NA,NA,NA
"94",NA,NA,NA,NA,NA,NA,NA,NA,NA,NA,NA
"95","17",18520,23140,-0.340850459396634,-0.328641910535001,"aug",0,1,1675.90065219589,20195.9006521959,2944.09934780411
"96",NA,NA,NA,NA,NA,NA,NA,NA,NA,NA,NA
"97",NA,NA,NA,NA,NA,NA,NA,NA,NA,NA,NA
"98","175",18700,24120,-0.226469030224792,-0.107995050840178,"aug",0,1,1799.17522951644,20499.1752295164,3620.82477048356
"99","176",11940,19560,-4.52212714801177,-1.1346783979916,"aug",0,1,-176.043141186729,11763.9568588133,7796.04314118673
"100","18",19180,25560,0.0785481142334554,0.216220742997111,"aug",0,1,1947.93141838102,21127.931418381,4432.06858161898
"101",NA,NA,NA,NA,NA,NA,NA,NA,NA,NA,NA
"102","197",12320,12870,-4.28065524198232,-2.64093094019401,"aug",0,1,-179.26607757772,12140.7339224223,729.26607757772
"103","198",16780,19380,-1.44653760805778,-1.17520537222126,"aug",0,1,828.231447831039,17608.231447831,1771.76855216896
"104",NA,NA,NA,NA,NA,NA,NA,NA,NA,NA,NA
"105","200",17490,21680,-0.99536641521329,-0.65736070150892,"aug",0,1,1210.33589739958,18700.3358973996,2979.66410260042
"106","209",20120,23550,0.67587335546419,-0.236330469234106,"aug",0,1,1992.80017117098,22112.800171171,1437.19982882902
"107",NA,NA,NA,NA,NA,NA,NA,NA,NA,NA,NA
"108","211",16810,19500,-1.42747403652914,-1.14818738940148,"aug",0,1,846.558241224605,17656.5582412246,1843.4417587754
"109",NA,NA,NA,NA,NA,NA,NA,NA,NA,NA,NA
"110",NA,NA,NA,NA,NA,NA,NA,NA,NA,NA,NA
"111","234",16590,23330,-1.5672735610725,-0.285863437737026,"aug",0,1,1056.5278904339,17646.5278904339,5683.4721095661
"112","236",17910,22500,-0.728476413812323,-0.47273781890713,"aug",0,1,1418.38511280715,19328.3851128071,3171.61488719285
"113","245",19070,27090,0.00864835196177418,0.560700023949232,"aug",0,1,1989.99498014371,21059.9949801437,6030.0050198563
"114","246",19510,27560,0.288247401048501,0.666520456660014,"aug",0,1,2067.11944639919,21577.1194463992,5982.88055360081
"115","247",18120,21060,-0.595031413111839,-0.79695361274442,"aug",0,1,1354.98917737693,19474.9891773769,1585.01082262307
"116","248",18450,24980,-0.385332126296795,0.0856338260348696,"aug",0,1,1802.49075653662,20252.4907565366,4727.50924346338
"117","257",18670,25480,-0.245532601753431,0.198208754450595,"aug",0,1,1873.30617172556,20543.3061717256,4936.69382827444
"118","258",18970,23580,-0.0548968864670282,-0.229575973529163,"aug",0,1,1821.00454834164,20791.0045483416,2788.99545165836
"119","259",19040,23410,-0.010415219566867,-0.267851449190509,"aug",0,1,1824.55757294257,20864.5575729426,2545.44242705743
"120",NA,NA,NA,NA,NA,NA,NA,NA,NA,NA,NA
"121",NA,NA,NA,NA,NA,NA,NA,NA,NA,NA,NA
"122","270",18840,22740,-0.137505696424469,-0.418701853267582,"aug",0,1,1730.43067051652,20570.4306705165,2169.56932948348
"123",NA,NA,NA,NA,NA,NA,NA,NA,NA,NA,NA
"124","272",18690,22100,-0.232823554067671,-0.56279776163971,"aug",0,1,1632.13840912822,20322.1384091282,1777.86159087178
"125","29",19320,23040,0.167511448033778,-0.351156896218146,"aug",0,1,1856.09380549592,21176.0938054959,1863.90619450408
"126","30",18830,26250,-0.143860220267351,0.371574144210813,"aug",0,1,1930.38890069486,20760.3889006949,5489.61109930514
"127",NA,NA,NA,NA,NA,NA,NA,NA,NA,NA,NA
"128","306",18630,23820,-0.270950697124953,-0.175540007889614,"aug",0,1,1761.49436507169,20391.4943650717,3428.50563492831
"129","307",17610,22090,-0.919112129098728,-0.565049260208025,"aug",0,1,1282.62593148365,18892.6259314836,3197.37406851635
"130","308",18280,24690,-0.493359031625757,0.0203403675537489,"aug",0,1,1740.64229223468,20020.6422922347,4669.35770776532
"131","31",21570,27520,1.59727931268181,0.657514462386756,"aug",0,1,2572.00010520416,24142.0001052042,3377.99989479584
"132","317",18020,22850,-0.658576651540641,-0.393935369016122,"aug",0,1,1489.09784684859,19509.0978468486,3340.9021531514
"133","318",18770,22850,-0.181987363324631,-0.393935369016122,"aug",0,1,1720.86308662874,20490.8630866287,2359.13691337126
"134","319",18920,21230,-0.0866695056814271,-0.758678137083073,"aug",0,1,1621.5109349782,20541.5109349782,688.489065021804
"135","32",20010,28530,0.605973593192509,0.884915817786522,"aug",0,1,2225.24137086437,22235.2413708644,6294.75862913562
"136","320",18870,24420,-0.118442124895828,-0.0404500937907429,"aug",0,1,1851.49381176377,20721.4938117638,3698.50618823624
"137","329",18310,21500,-0.474295460097118,-0.697887675738581,"aug",0,1,1454.92299667108,19764.9229966711,1735.07700332892
"138","330",19700,23010,0.408983354063223,-0.357911391923089,"aug",0,1,1915.43207784198,21615.432077842,1394.56792215802
"139","331",18290,23810,-0.487004507782878,-0.177791506457929,"aug",0,1,1668.35741559994,19958.3574155999,3851.64258440006
"140","332",18950,22270,-0.0676059341527882,-0.524522285978364,"aug",0,1,1721.26237003968,20671.2623700397,1598.73762996032
"141","341",18840,21110,-0.137505696424469,-0.785696119902848,"aug",0,1,1585.96833705151,20425.9683370515,684.031662948488
"142",NA,NA,NA,NA,NA,NA,NA,NA,NA,NA,NA
"143","343",16920,20250,-1.35757427425746,-0.979324996777896,"aug",0,1,933.423918244642,17853.4239182446,2396.57608175536
"144","344",18440,23340,-0.391686650139674,-0.283611939168711,"aug",0,1,1670.36465280748,20110.3646528075,3229.63534719252
"145","353",19920,25990,0.548782878606587,0.313035181434635,"aug",0,1,2060.94774791616,21980.9477479162,4009.05225208384
"146","354",18800,24280,-0.162923791795989,-0.0719710737471462,"aug",0,1,1830.18267373347,20630.1826737335,3649.81732626653
"147","355",19240,23750,0.116675257290735,-0.191300497867816,"aug",0,1,1879.52578705221,21119.5257870522,2630.47421294779
"148","356",18050,23810,-0.639513080012,-0.177791506457929,"aug",0,1,1593.5923497239,19643.5923497239,4166.4076502761
"149","365",19220,23850,0.103966209604975,-0.16878551218467,"aug",0,1,1881.23280108605,21101.232801086,2748.76719891395
"150","366",14390,22950,-2.96526880650613,-0.371420383332977,"aug",0,1,185.693074914701,14575.6930749147,8374.3069250853
"151","367",18300,23710,-0.480649983939997,-0.200306492141074,"aug",0,1,1662.27267845667,19962.2726784567,3747.72732154333
"152","368",17680,25150,-0.874630462198566,0.123909301696216,"aug",0,1,1603.79153304651,19283.7915330465,5866.20846695349
"153","377",18670,24580,-0.245532601753431,-0.00442611669771143,"aug",0,1,1822.72951870467,20492.7295187047,4087.27048129533
"154","378",18630,23670,-0.270950697124953,-0.209312486414331,"aug",0,1,1750.027257935,20380.027257935,3289.97274206501
"155","379",18620,21910,-0.277305220967832,-0.605576234437686,"aug",0,1,1592.85821607128,20212.8582160713,1697.14178392872
"156","380",18000,24460,-0.671285699226402,-0.031444099517485,"aug",0,1,1640.05547906449,19640.0554790645,4819.94452093551
"157",NA,NA,NA,NA,NA,NA,NA,NA,NA,NA,NA
"158",NA,NA,NA,NA,NA,NA,NA,NA,NA,NA,NA
"159","391",18480,24100,-0.366268554768154,-0.112498047976807,"aug",0,1,1745.51746469239,20225.5174646924,3874.48253530761
"160","392",17870,25300,-0.753894509183843,0.157681780220934,"aug",0,1,1678.02082638282,19548.0208263828,5751.97917361718
"161","401",18490,22220,-0.359914030925275,-0.535779778819937,"aug",0,1,1581.41283070494,20071.4128307049,2148.58716929506
"162","402",18180,23420,-0.556904270054559,-0.265599950622194,"aug",0,1,1597.74421208311,19777.7442120831,3642.25578791689
"163",NA,NA,NA,NA,NA,NA,NA,NA,NA,NA,NA
"164",NA,NA,NA,NA,NA,NA,NA,NA,NA,NA,NA
"165","41",18790,25480,-0.169278315638871,0.198208754450595,"aug",0,1,1892.12967069582,20682.1296706958,4797.87032930418
"166",NA,NA,NA,NA,NA,NA,NA,NA,NA,NA,NA
"167",NA,NA,NA,NA,NA,NA,NA,NA,NA,NA,NA
"168","415",16960,22410,-1.33215617888594,-0.493001306021961,"aug",0,1,1102.04095865426,18062.0409586543,4347.95904134574
"169","416",18240,20390,-0.518777126997279,-0.947804016821492,"aug",0,1,1334.91354549806,19574.9135454981,815.086454501943
"170","42",23100,37490,2.56952146064247,2.90225853499633,"aug",0,1,4802.31335687255,27902.3133568725,9587.68664312745
"171","43",19050,23460,-0.00406069572398584,-0.256593956348936,"aug",0,1,1829.61806178414,20879.6180617841,2580.38193821586
"172","437",18690,21900,-0.232823554067671,-0.607827733006001,"aug",0,1,1613.58969399854,20303.5896939985,1596.41030600146
"173",NA,NA,NA,NA,NA,NA,NA,NA,NA,NA,NA
"174",NA,NA,NA,NA,NA,NA,NA,NA,NA,NA,NA
"175","44",18630,22970,-0.270950697124953,-0.366917386196348,"aug",0,1,1692.50765865349,20322.5076586535,2647.4923413465
"176",NA,NA,NA,NA,NA,NA,NA,NA,NA,NA,NA
"177",NA,NA,NA,NA,NA,NA,NA,NA,NA,NA,NA
"178","450",18870,26220,-0.118442124895828,0.364819648505869,"aug",0,1,1934.30319880355,20804.3031988035,5415.69680119646
"179","451",19100,26970,0.0277119234904153,0.533682041129458,"aug",0,1,1989.24943843111,21089.2494384311,5880.75056156889
"180","452",20030,27430,0.618682640878269,0.637250975271925,"aug",0,1,2155.59138459479,22185.5913845948,5244.40861540521
"181","461",17850,25380,-0.766603556869603,0.17569376876745,"aug",0,1,1679.2858742138,19529.2858742138,5850.71412578619
"182","462",18660,25660,-0.251887125596312,0.238735728680257,"aug",0,1,1880.63848034887,20540.6384803489,5119.36151965113
"183","463",19560,26560,0.3200200202629,0.441370599828562,"aug",0,1,2032.06988909487,21592.0698890949,4967.93011090513
"184","464",19850,28610,0.504301211706426,0.902927806333038,"aug",0,1,2191.9838502876,22041.9838502876,6568.0161497124
"185","473",20610,28890,0.987245023765316,0.965969766245845,"aug",0,1,2428.09500831544,23038.0950083154,5851.90499168456
"186","474",18850,27260,-0.131151172581588,0.598975499610579,"aug",0,1,1970.2926741363,20820.2926741363,6439.7073258637
"187","475",17230,25880,-1.16058403512817,0.288268697183176,"aug",0,1,1522.60162802368,18752.6016280237,7127.39837197632
"188","476",18370,26220,-0.436168317039836,0.364819648505869,"aug",0,1,1861.34409489517,20231.3440948952,5988.65590510483
"189","485",19360,27730,0.192929543405298,0.704795932321361,"aug",0,1,2052.16337734114,21412.1633773411,6317.83662265886
"190","486",19350,27160,0.186575019562419,0.576460513927434,"aug",0,1,2027.440922558,21377.440922558,5782.55907744201
"191","487",18930,26680,-0.0803149818385482,0.468388582648337,"aug",0,1,1958.80730136274,20888.8073013627,5791.19269863726
"192","488",20040,27900,0.625037164721148,0.743071407982707,"aug",0,1,2187.92779022148,22227.9277902215,5672.07220977853
"193","497",20450,28560,0.885572642279234,0.891670313491465,"aug",0,1,2349.15637039535,22799.1563703954,5760.84362960465
"194","53",18670,25890,-0.245532601753431,0.29052019575149,"aug",0,1,1893.09326542989,20563.0932654299,5326.9067345701
"195","54",19480,25750,0.26918382951986,0.258999215795087,"aug",0,1,1991.36086803258,21471.3608680326,4278.63913196742
"196","55",19760,24830,0.447110497120505,0.0518613475101514,"aug",0,1,1993.08176002434,21753.0817600243,3076.91823997566
"197","56",16780,22370,-1.44653760805778,-0.502007300295218,"aug",0,1,1042.82946643567,17822.8294664357,4547.17053356433
"198","6",18630,25780,-0.270950697124953,0.265753711500031,"aug",0,1,1881.75231444415,20511.7523144441,5268.24768555586
"199","7",19250,21430,0.123029781133617,-0.713648165716783,"aug",0,1,1732.01413048986,20982.0141304899,447.985869510139
"200","716",20400,29310,0.853800023064832,1.06053270611505,"aug",0,1,2404.3704493223,22804.3704493223,6505.6295506777
"201","725",20200,29320,0.72670954620723,1.06278420468337,"aug",0,1,2344.09515093063,22544.0951509306,6775.90484906937
"202","726",20060,29120,0.637746212406908,1.01775423331708,"aug",0,1,2285.58926608,22345.58926608,6774.41073391999
"203","727",19300,28160,0.154802400348018,0.801610370758885,"aug",0,1,2062.20628712518,21362.2062871252,6797.79371287482
"204","728",21210,28180,1.36851645433813,0.806113367895514,"aug",0,1,2536.7833878303,23746.7833878303,4433.2166121697
"205","737",19440,27710,0.24376573414834,0.700292935184732,"aug",0,1,2063.14557216236,21503.1455721624,6206.85442783764
"206","740",20220,28380,0.73941859389299,0.851143339261804,"aug",0,1,2268.68017537667,22488.6801753767,5891.31982462333
"207","749",19460,27520,0.2564747818341,0.657514462386756,"aug",0,1,2057.73942066037,21517.7394206604,6002.26057933963
"208","750",20580,29210,0.968181452236675,1.03801772043191,"aug",0,1,2450.53082711371,23030.5308271137,6179.46917288629
"209","751",19470,27160,0.262829305676979,0.576460513927434,"aug",0,1,2043.86026325576,21513.8602632558,5646.13973674424
"210","752",19120,26970,0.0404209711761754,0.533682041129458,"aug",0,1,1991.63138623223,21111.6313862322,5858.36861376777
"211","761",19880,27840,0.523364783235065,0.729562416572821,"aug",0,1,2148.75493890843,22028.7549389084,5811.24506109157
"212","762",20080,24630,0.650455260092668,0.00683137614386131,"aug",0,1,2028.46718563074,22108.4671856307,2521.53281436926
"213","763",19950,27500,0.567846450135226,0.653011465250127,"aug",0,1,2142.9902994337,22092.9902994337,5407.0097005663
"214","764",19400,26660,0.218347638776818,0.463885585511708,"aug",0,1,2014.76265333004,21414.76265333,5245.23734666996
"215","77",22260,45000,2.03574145784054,4.59313395980053,"aug",0,1,5092.90032307104,27352.900323071,17647.099676929
"216","773",19130,27560,0.0467754950190542,0.666520456660014,"aug",0,1,2014.52184622448,21144.5218462245,6415.47815377552
"217","774",19400,28240,0.218347638776818,0.819622359305401,"aug",0,1,2081.53637627916,21481.5363762792,6758.46362372084
"218","775",20480,29590,0.904636213807875,1.12357466602786,"aug",0,1,2457.94639564385,22937.9463956439,6652.05360435614
"219","78",17780,23190,-0.811085223769764,-0.317384417693428,"aug",0,1,1441.28273565268,19221.2827356527,3968.71726434732
"220","785",20520,28520,0.930054309179395,0.882664319218207,"aug",0,1,2366.20862362738,22886.2086236274,5633.79137637262
"221","786",19490,26890,0.275538353362739,0.515670052582942,"aug",0,1,2035.63364212498,21525.633642125,5364.36635787502
"222","787",22360,31210,2.09928669626934,1.48831743409481,"aug",0,1,3339.75917745236,25699.7591774524,5510.24082254764
"223","788",18970,27160,-0.0548968864670282,0.576460513927434,"aug",0,1,1980.72129190807,20950.7212919081,6209.27870809193
"224","79",18660,22260,-0.251887125596312,-0.526773784546678,"aug",0,1,1637.80082916245,20297.8008291625,1962.19917083755
"225","797",19880,28480,0.523364783235065,0.87365832494495,"aug",0,1,2190.03789773434,22070.0378977343,6409.96210226566
"226","798",19770,27880,0.453465020963384,0.738568410846078,"aug",0,1,2128.81261731049,21898.8126173105,5981.18738268951
"227","799",18900,27550,-0.0993785533671894,0.6642689580917,"aug",0,1,1986.49088014865,20886.4908801487,6663.50911985135
"228","8",18870,25080,-0.118442124895828,0.108148811718014,"aug",0,1,1885.53650568892,20755.5365056889,4324.46349431108
"229","80",19590,23830,0.339083591791541,-0.1732885093213,"aug",0,1,1934.09992715689,21524.0999271569,2305.90007284311
"230","800",19350,27320,0.186575019562419,0.612484491020466,"aug",0,1,2033.77552066848,21383.7755206685,5936.22447933152
"231","809",19220,27990,0.103966209604975,0.763334895097538,"aug",0,1,2043.34136032387,21263.3413603239,6726.65863967613
"232","810",19730,26440,0.428046925591864,0.414352617008789,"aug",0,1,2051.39057227772,21781.3905722777,4658.60942772228
"233","811",20330,28780,0.809318356164671,0.941203281994385,"aug",0,1,2333.56887154453,22663.5688715445,6116.43112845546
"234","812",19640,24940,0.370856211005943,0.0766278317616118,"aug",0,1,1981.95259884455,21621.9525988446,3318.04740115545
"235","821",19060,26790,0.00229382811889304,0.493155066899796,"aug",0,1,1978.08535057143,21038.0853505714,5751.91464942857
"236","822",18960,27550,-0.0612514103099071,0.6642689580917,"aug",0,1,1993.54012441328,20953.5401244133,6596.45987558672
"237","823",19910,24430,0.542428354763706,-0.0381985952224288,"aug",0,1,1997.74888690191,21907.7488869019,2522.25111309809
"238","824",18750,25820,-0.194696411010391,0.274759705773289,"aug",0,1,1901.65706686562,20651.6570668656,5168.34293313438
"239","833",18610,25550,-0.283659744810713,0.213969244428797,"aug",0,1,1866.93656266168,20476.9365626617,5073.06343733831
"240","834",19840,25270,0.497946687863545,0.15092728451599,"aug",0,1,2019.97225910665,21859.9722591066,3410.02774089335
"241","835",19810,27570,0.478883116334904,0.668771955228329,"aug",0,1,2119.22675947245,21929.2267594725,5640.77324052755
"242","836",19120,26510,0.0404209711761754,0.430113106986991,"aug",0,1,1975.17971902916,21095.1797190292,5414.82028097085
"243","845",19180,26260,0.0785481142334554,0.373825642779128,"aug",0,1,1973.37350371399,21153.373503714,5106.62649628601
"244","846",18270,26420,-0.499713555468638,0.40984961987216,"aug",0,1,1854.66901455811,20124.6690145581,6295.33098544189
"245","847",17280,26910,-1.12881141591377,0.520173049719571,"aug",0,1,1645.14464845019,18925.1446484502,7984.85535154981
"246","848",18630,26620,-0.270950697124953,0.45487959123845,"aug",0,1,1919.20296513606,20549.2029651361,6070.79703486394
"247","857",19270,25880,0.135738828819377,0.288268697183176,"aug",0,1,1970.53286055673,21240.5328605567,4639.46713944327
"248","858",18700,26010,-0.226469030224792,0.317538178571265,"aug",0,1,1902.8893410527,20602.8893410527,5407.1106589473
"249","859",20110,28130,0.669518831621309,0.794855875053941,"aug",0,1,2220.90600513574,22330.9060051357,5799.09399486426
"250","860",20070,28480,0.644100736249789,0.87365832494495,"aug",0,1,2236.79520036057,22306.7952003606,6173.20479963943
"251","869",19870,27760,0.517010259392186,0.711550428026305,"aug",0,1,2141.90171543363,22011.9017154336,5748.09828456637
"252","870",18680,28360,-0.239178077910552,0.846640342125175,"aug",0,1,1990.11295965068,20670.1129596507,7689.88704034932
"253","871",19350,27180,0.186575019562419,0.580963511064063,"aug",0,1,2028.22518925071,21378.2251892507,5801.77481074929
"254","872",19550,28770,0.313665496420021,0.93895178342607,"aug",0,1,2137.10481708466,21687.1048170847,7082.89518291534
"255","881",21210,28970,1.36851645433813,0.98398175479236,"aug",0,1,2617.19240457744,23827.1924045774,5142.80759542256
"256","882",22140,31090,1.95948717172598,1.46129945127504,"aug",0,1,3226.95859340601,25366.958593406,5723.04140659398
"257","883",22680,30760,2.30263145924151,1.38699999852066,"aug",0,1,3381.62727344791,26061.6272734479,4698.37272655209
"258",NA,NA,NA,NA,NA,NA,NA,NA,NA,NA,NA
"259","89",19100,26350,0.0277119234904153,0.394089129893958,"aug",0,1,1967.08346289325,21067.0834628932,5282.91653710675
"260","893",18880,27960,-0.112087601052949,0.756580399392595,"aug",0,1,1998.970828672,20878.970828672,7081.02917132801
"261","894",18050,27120,-0.639513080012,0.567454519654176,"aug",0,1,1854.09227237334,19904.0922723733,7215.90772762666
"262","895",19270,27680,0.135738828819377,0.693538439479788,"aug",0,1,2037.44672364472,21307.4467236447,6372.55327635528
"263","896",19790,28800,0.466174068649144,0.945706279131014,"aug",0,1,2191.10896442693,21981.1089644269,6818.89103557307
"264","9",19970,26080,0.580555497820986,0.333298668549466,"aug",0,1,2072.96491678507,22042.9649167851,4037.03508321493
"265","90",18910,25780,-0.0930240295243082,0.265753711500031,"aug",0,1,1922.03219904378,20832.0321990438,4947.96780095622
"266","905",19670,26810,0.389919782534584,0.497658064036425,"aug",0,1,2058.28985949175,21728.2898594917,5081.71014050825
"267","906",20210,27890,0.733064070050111,0.740819909414393,"aug",0,1,2228.51719402411,22438.5171940241,5451.48280597589
"268","907",20510,28500,0.923699785336516,0.878161322081579,"aug",0,1,2361.44545085152,22871.4454508515,5628.55454914848
"269","908",19410,26130,0.224702162619699,0.344556161391038,"aug",0,1,1996.4730120468,21406.4730120468,4723.5269879532
"270","91",19850,23880,0.504301211706426,-0.162031016479727,"aug",0,1,1969.79067511134,21819.7906751113,2060.20932488866
"271","917",18110,26860,-0.60138593695472,0.508915556877998,"aug",0,1,1850.38990708383,19960.3899070838,6899.61009291617
"272","918",19210,28010,0.0976116857620966,0.767837892234168,"aug",0,1,2042.79074147227,21252.7907414723,6757.20925852773
"273","919",19380,27490,0.205638591091058,0.650759966681812,"aug",0,1,2044.86289677074,21424.8628967707,6065.13710322926
"274","92",19500,24600,0.28189287720562,7.68804389183066e-05,"aug",0,1,1952.06386263596,21452.063862636,3147.93613736403
"275","920",18520,26760,-0.340850459396634,0.486400571194853,"aug",0,1,1910.19065047104,20430.190650471,6329.80934952896
"276","929",18740,26790,-0.201050934853272,0.493155066899796,"aug",0,1,1939.95852544113,20679.9585254411,6110.04147455887
"277","930",20630,27750,0.999954071451076,0.70929892945799,"aug",0,1,2330.92990742471,22960.9299074247,4789.07009257529
"278","931",20000,28540,0.599619069349627,0.887167316354836,"aug",0,1,2223.46367311423,22223.4636731142,6316.53632688577
"279","932",20140,27690,0.68858240314995,0.695789938048103,"aug",0,1,2197.21202806016,22337.2120280602,5352.78797193984
"280","953",18360,26190,-0.442522840882717,0.358065152800926,"aug",0,1,1857.99159568842,20217.9915956884,5972.00840431158
"281","954",18370,27560,-0.436168317039836,0.666520456660014,"aug",0,1,1923.44619584821,20293.4461958482,7266.55380415179
"282","955",17760,27370,-0.823794271455524,0.623741983862039,"aug",0,1,1812.41952052417,19572.4195205242,7797.58047947583
"283","956",18090,26840,-0.61409498464048,0.504412559741369,"aug",0,1,1845.57965295417,19935.5796529542,6904.42034704582
"284","1013",11770,23750,-1.69133513175546,-0.402283692628093,"nov",0,0,1013.63602425056,12783.6360242506,10966.3639757494
"285","1014",15360,28140,-0.158177695627902,0.579740825355389,"nov",0,0,1991.11192434549,17351.1119243455,10788.8880756545
"286","1015",16340,25310,0.260344390000233,-0.0533182602694982,"nov",0,0,1966.66423084498,18306.664230845,7003.33576915502
"287","1016",17260,25460,0.653242674467463,-0.0197638917734789,"nov",0,0,2058.80797697786,19318.8079769779,6141.19202302214
"288","1027",14360,23950,-0.585241048309673,-0.357544534633401,"nov",0,0,1604.08484430171,15964.0848443017,7985.91515569829
"289","1037",16570,27840,0.358568961117041,0.512632088363352,"nov",0,0,2094.18265197972,18664.1826519797,9175.81734802027
"290","1038",16010,24160,0.11941348361525,-0.310568418738975,"nov",0,0,1886.43680231306,17896.4368023131,6263.56319768694
"291","1039",14760,24530,-0.414415707236964,-0.227800976448795,"nov",0,0,1734.4508854006,16494.4508854006,8035.54911459941
"292","1040",17200,24470,0.627618873306556,-0.241222723847203,"nov",0,0,2011.62496371597,19211.624963716,5258.37503628403
"293","1049",13390,25000,-0.99949250041099,-0.12266395516127,"nov",0,0,1489.91397806201,14879.913978062,10120.086021938
"294","1050",13420,29370,-0.986680599830537,0.854886647022743,"nov",0,0,1864.70628987504,15284.706289875,14085.293710125
"295","1051",14860,25350,-0.371709371968787,-0.0443704286705592,"nov",0,0,1810.67099490679,16670.6709949068,8679.32900509321
"296","1052",12960,24450,-1.18312974206415,-0.245696639646672,"nov",0,0,1334.79831702746,14294.7983170275,10155.2016829725
"297","1061",19230,24810,1.49455747925055,-0.165166155256227,"nov",0,0,2309.76138508161,21539.7613850816,3270.23861491839
"298","1062",13860,15020,-0.798772724650558,-2.35514793909638,"nov",0,0,837.09918491499,14697.099184915,322.90081508501
"299","1063",13180,24130,-1.08917580447416,-0.317279292438179,"nov",0,0,1355.31769558838,14535.3176955884,9594.68230441162
"300","1064",14430,24430,-0.555346613621949,-0.250170555446141,"nov",0,0,1663.35582464545,16093.3558246455,8336.64417535455
"301","1073",11860,28850,-1.6528994300141,0.738564836236545,"nov",0,0,1521.01712984003,13381.01712984,15468.98287016
"302","1074",12720,23370,-1.28562494670778,-0.487288092818007,"nov",0,0,1185.99120345678,13905.9912034568,9464.00879654322
"303","1075",11580,25340,-1.77247716876499,-0.0466073865702942,"nov",0,0,1097.53299039722,12677.5329903972,12662.4670096028
"304","1076",15150,16400,-0.247860999691074,-2.04644774893301,"nov",0,0,1159.79811692711,16309.7981169271,90.2018830728921
"305","1085",13640,24510,-0.892726662240547,-0.232274892248264,"nov",0,0,1498.7686040801,15138.7686040801,9371.2313959199
"306","1086",12870,26000,-1.22156544380551,0.101031834812188,"nov",0,0,1468.21993664214,14338.2199366421,11661.7800633579
"307","1087",13190,23080,-1.08490517094734,-0.55215987191031,"nov",0,0,1263.26572264418,14453.2657226442,8626.73427735582
"308","1088",13460,23050,-0.969598065723266,-0.558870745609513,"nov",0,0,1319.33274045188,14779.3327404519,8270.66725954813
"309","1199",11710,25090,-1.71695893291636,-0.102531334063659,"nov",0,0,1105.87997657884,12815.8799765788,12274.1200234212
"310","1200",14650,23660,-0.461392676031959,-0.422416313725704,"nov",0,0,1637.55592810887,16287.5559281089,7372.44407189113
"311",NA,NA,NA,NA,NA,NA,NA,NA,NA,NA,NA
"312",NA,NA,NA,NA,NA,NA,NA,NA,NA,NA,NA
"313","1223",18370,27750,1.12728299594423,0.49249946726574,"nov",0,0,2382.86593039483,20752.8659303948,6997.13406960517
"314","1224",13100,16270,-1.1233408726887,-2.07552820162956,"nov",0,0,761.151134767072,13861.1511347671,2408.84886523293
"315","1245",14890,24030,-0.358897471388334,-0.339648871435524,"nov",0,0,1716.87885096495,16606.878850965,7423.12114903505
"316","1246",13240,22090,-1.06355200331326,-0.773618703984034,"nov",0,0,1193.36795084647,14433.3679508465,7656.63204915353
"317","1247",13810,23250,-0.820125892284646,-0.514131587614822,"nov",0,0,1414.82189156043,15224.8218915604,8025.17810843957
"318","1248",14030,22760,-0.726171954694657,-0.623742524701816,"nov",0,0,1417.63974263312,15447.6397426331,7312.36025736688
"319","1258",14210,24570,-0.649300551211938,-0.218853144849857,"nov",0,0,1631.05990064592,15841.0599006459,8728.94009935408
"320","1259",14270,24380,-0.623676750051032,-0.261355344944814,"nov",0,0,1625.77943427888,15895.7794342789,8484.22056572112
"321","1260",13980,24410,-0.747525122328745,-0.25464447124561,"nov",0,0,1565.8477776657,15545.8477776657,8864.15222233431
"322","1275",14710,22630,-0.435768874871052,-0.652822977398366,"nov",0,0,1553.16149299809,16263.1614929981,6366.83850700191
"323","1281",14790,22800,-0.401603806656511,-0.614794693102878,"nov",0,0,1586.27189777468,16376.2718977747,6423.72810222532
"324","1282",14510,22880,-0.521181545407407,-0.596899029905002,"nov",0,0,1533.9065217277,16043.9065217277,6836.0934782723
"325","1283",12680,24060,-1.30270748081505,-0.332937997736321,"nov",0,0,1235.47871586597,13915.478715866,10144.521284134
"326","1284",16590,23350,0.367110228170676,-0.491762008617476,"nov",0,0,1909.21028256552,18499.2102825655,4850.78971743448
"327","1293",13100,24260,-1.1233408726887,-0.288198839741629,"nov",0,0,1349.20066962975,14449.2006696298,9810.79933037025
"328","1294",14880,23170,-0.363168104915151,-0.532027250812698,"nov",0,0,1639.42187503463,16519.4218750346,6650.57812496537
"329","1295",16530,22240,0.34148642700977,-0.740064335488015,"nov",0,0,1844.5427825489,18374.5427825489,3865.4572174511
"330","1296",10720,23190,-2.13975165207132,-0.527553335013229,"nov",0,0,739.879591854071,11459.8795918541,11730.1204081459
"331","1305",14120,22920,-0.687736252953298,-0.587951198306063,"nov",0,0,1452.34137680966,15572.3413768097,7347.65862319034
"332",NA,NA,NA,NA,NA,NA,NA,NA,NA,NA,NA
"333","1307",14640,24000,-0.465663309558776,-0.346359745134728,"nov",0,0,1666.5303389465,16306.5303389465,7693.4696610535
"334","1308",13850,23140,-0.803043358177376,-0.538738124511902,"nov",0,0,1413.3876676843,15263.3876676843,7876.6123323157
"335",NA,NA,NA,NA,NA,NA,NA,NA,NA,NA,NA
"336","1320",21620,30670,2.51523889215998,1.14569117398824,"nov",0,0,3504.89682213628,25124.8968221363,5545.10317786372
"337",NA,NA,NA,NA,NA,NA,NA,NA,NA,NA,NA
"338","1332",12660,16790,-1.31124874786868,-1.95920639084336,"nov",0,0,697.048469745585,13357.0484697456,3432.95153025442
"339","1341",17890,31730,0.922292586656978,1.3828087113601,"nov",0,0,2722.17861772749,20612.1786177275,11117.8213822725
"340","1342",14880,28290,-0.363168104915151,0.613295193851408,"nov",0,0,1957.56373820011,16837.5637382001,11452.4362617999
"341","1344",16360,28930,0.268885657053868,0.756460499434421,"nov",0,0,2127.67358806514,18487.6735880651,10442.3264119349
"342",NA,NA,NA,NA,NA,NA,NA,NA,NA,NA,NA
"343","1354",15770,28770,0.0169182789716239,0.720669173038668,"nov",0,0,2052.80924254111,17822.8092425411,10947.1907574589
"344","1355",11980,30210,-1.60165182769229,1.04279111060045,"nov",0,0,1690.82350446306,13670.8235044631,16539.1764955369
"345",NA,NA,NA,NA,NA,NA,NA,NA,NA,NA,NA
"346","1378",14310,23500,-0.606594215943761,-0.458207640121457,"nov",0,0,1549.96318771148,15859.9631877115,7640.03681228852
"347","1379",17520,30630,0.764279146164722,1.1367433423893,"nov",0,0,2492.16748763234,20012.1674876323,10617.8325123677
"348","1380",13520,21590,-0.94397426456236,-0.885466598970763,"nov",0,0,1211.75251984072,14731.7525198407,6858.24748015928
"349","1389",17080,25890,0.576371270984743,0.076425297915108,"nov",0,0,2058.58995939629,19138.5899593963,6751.41004060371
"350","1390",15040,21560,-0.294837968486069,-0.892177472669967,"nov",0,0,1522.63770987205,16562.6377098721,4997.36229012795
"351","1391",20450,27160,2.01557476952231,0.3605189511814,"nov",0,0,2698.66347898448,23148.6634789845,4011.33652101552
"352","1424",12680,29410,-1.30270748081505,0.863834478621681,"nov",0,0,1757.79703774384,14437.7970377438,14972.2029622562
"353",NA,NA,NA,NA,NA,NA,NA,NA,NA,NA,NA
"354","1437",20170,30340,1.89599703077142,1.071871563297,"nov",0,0,3054.58484370206,23224.5848437021,7115.41515629794
"355",NA,NA,NA,NA,NA,NA,NA,NA,NA,NA,NA
"356","1449",12490,18810,-1.38384951782458,-1.50734089509698,"nov",0,0,812.284522880031,13302.28452288,5507.71547711997
"357","1450",14870,24340,-0.36743873844197,-0.270303176543752,"nov",0,0,1738.57376766869,16608.5737676687,7731.42623233131
"358","1451",13380,28930,-1.00376313393781,0.756460499434421,"nov",0,0,1833.41059464715,15213.4105946471,13716.5894053529
"359","1452",15650,21700,-0.0343293233501882,-0.860860062073682,"nov",0,0,1660.05228993486,17310.0522899349,4389.94771006513
"360","1461",12590,27620,-1.34114318255641,0.463419014569191,"nov",0,0,1570.19586712034,14160.1958671203,13459.8041328797
"361","1462",12230,16850,-1.49488598952184,-1.94578464344495,"nov",0,0,589.64916463386,12819.6491646339,4030.35083536614
"362","1467",14970,22350,-0.324732403173792,-0.715457798590934,"nov",0,0,1581.79623113113,16551.7962311311,5798.20376886887
"363","1487",14580,20880,-0.491287110719683,-1.04429060985192,"nov",0,0,1367.67897941696,15947.678979417,4932.32102058305
"364","1488",16170,22260,0.187743620044333,-0.735590419688545,"nov",0,0,1795.26818708637,17965.2681870864,4294.73181291363
"365",NA,NA,NA,NA,NA,NA,NA,NA,NA,NA,NA
"366","1498",20860,25540,2.19067074412184,-0.00186822857560266,"nov",0,0,2617.10581701229,23477.1058170123,2062.8941829877
"367","1499",18900,21500,1.35362657286557,-0.905599220068374,"nov",0,0,2067.72880192033,20967.7288019203,532.271198079667
"368","1500",16310,20740,0.24753248941978,-1.0756080204482,"nov",0,0,1701.91868385106,18011.9186838511,2728.08131614894
"369","1521",13390,18690,-0.99949250041099,-1.53418438989379,"nov",0,0,985.958508951918,14375.9585089519,4314.04149104808
"370","1523",15520,33150,-0.0898475591988188,1.70045673312241,"nov",0,0,2322.87781305086,17842.8778130509,15307.1221869491
"371",NA,NA,NA,NA,NA,NA,NA,NA,NA,NA,NA
"372","1534",20050,30650,1.8447494284496,1.14121725818877,"nov",0,0,3077.42725943366,23127.4272594337,7522.57274056634
"373","1536",13210,25360,-1.07636390389371,-0.0421334707708251,"nov",0,0,1484.02994148916,14694.0299414892,10665.9700585108
"374","1543",12840,19150,-1.23437734438596,-1.431284326506,"nov",0,0,908.954371978495,13748.9543719785,5401.04562802151
"375","1545",23100,28270,3.147292654129,0.608821278051939,"nov",0,0,3425.81475965517,26525.8147596552,1744.18524034483
"376","1546",11510,23480,-1.80237160345272,-0.462681555920926,"nov",0,0,938.998760041304,12448.9987600413,11031.0012399587
"377","1557",20300,29630,1.95151526662005,0.913047552415842,"nov",0,0,2972.58984531601,23272.589845316,6357.41015468399
"378","1558",17390,30530,0.708760910316093,1.11437376339195,"nov",0,0,2451.18183387202,19841.181833872,10688.818166128
"379","1809",16610,26280,0.375651495224311,0.163666656004757,"nov",0,0,2027.96276137259,18637.9627613726,7642.03723862741
"380","1810",13900,25080,-0.781690190543287,-0.104768291963394,"nov",0,0,1613.5403124182,15513.5403124182,9566.4596875818
"381","1811",17300,27720,0.670325208574733,0.485788593566536,"nov",0,0,2187.14852712101,19487.148527121,8232.85147287899
"382","1812",15150,27560,-0.247860999691074,0.449997267170783,"nov",0,0,1951.76878589194,17101.7687858919,10458.2312141081
"383","1821",17210,28180,0.631889506833374,0.588688656954327,"nov",0,0,2204.37276772358,19414.3727677236,8765.62723227642
"384","1823",14450,27670,-0.546805346568313,0.474603804067864,"nov",0,0,1891.67645618261,16341.6764561826,11328.3235438174
"385","1824",15940,27800,0.0895190489275249,0.503684256764413,"nov",0,0,2027.56098868628,17967.5609886863,9832.43901131372
"386","1845",15060,26750,-0.286296701432433,0.268803677292282,"nov",0,0,1910.22663193843,16970.2266319384,9779.77336806156
"387","1846",15200,27460,-0.226507832056985,0.427627688173438,"nov",0,0,1952.09174795368,17152.0917479537,10307.9082520463
"388","1847",16320,27460,0.251803122946598,0.427627688173438,"nov",0,0,2049.30871017888,18369.3087101789,9090.69128982112
"389","1848",14400,25250,-0.568158514202401,-0.0667400076679054,"nov",0,0,1728.6452929379,16128.6452929379,9121.3547070621
"390","499",17340,27390,0.687407742682004,0.411968982875295,"nov",0,0,2171.72465779576,19511.7246577958,7878.27534220424
"391","500",16650,28030,0.392734029331582,0.555134288458309,"nov",0,0,2113.99394034673,18763.9939403467,9266.00605965327
"392","509",18000,28070,0.969269555451973,0.564082120057247,"nov",0,0,2338.64927175355,20338.6492717535,7731.35072824645
"393","510",15890,28430,0.0681658812934368,0.644612604447692,"nov",0,0,2049.45143931834,17939.4514393183,10490.5485606817
"394","511",16190,28390,0.196284887097968,0.635664772848754,"nov",0,0,2078.51221602464,18268.5122160246,10121.4877839754
"395","512",15680,27500,-0.0215174227697354,0.436575519772376,"nov",0,0,1993.36600588288,17673.3660058829,9826.63399411712
"396","521",14280,28010,-0.619406116524214,0.55066037265884,"nov",0,0,1890.39780113498,16170.397801135,11839.602198865
"397","523",16130,27320,0.170661085937061,0.396310277577153,"nov",0,0,2025.41298728499,18155.412987285,9164.58701271502
"398","524",16080,27230,0.149307918302972,0.376177656479542,"nov",0,0,2017.32609013126,18097.3260901313,9132.67390986874
"399","533",17960,26880,0.952187021344702,0.297884129988831,"nov",0,0,2237.41063602121,20197.4106360212,6682.58936397879
"400","534",17040,27510,0.559288736877472,0.438812477672111,"nov",0,0,2135.86214557937,19175.8621455794,8334.13785442063
"401","535",12740,26780,-1.27708367965414,0.275514550991486,"nov",0,0,1518.25014805516,14258.2501480552,12521.7498519448
"402","536",15290,28480,-0.188072130315626,0.655797393946365,"nov",0,0,1998.31546832091,17288.3154683209,11191.6845316791
"403","545",15610,24300,-0.0514118574574595,-0.279251008142691,"nov",0,0,1846.96147361116,17456.9614736112,6843.03852638884
"404","546",18850,33960,1.33227340523148,1.88165032300092,"nov",0,0,3382.65384562516,22232.6538456252,11727.3461543748
"405","547",15040,25700,-0.294837968486069,0.0339230978201507,"nov",0,0,1855.79538697398,16895.795386974,8804.20461302602
"406","548",14650,29660,-0.461392676031959,0.919758426115046,"nov",0,0,1991.64209335824,16641.6420933582,13018.3579066418
"407","557",13790,28150,-0.828667159338282,0.581977783255123,"nov",0,0,1840.27419336133,15630.2741933613,12519.7258066387
"408","558",16380,27980,0.277426924107504,0.543949498959636,"nov",0,0,2079.47244355804,18459.472443558,9520.52755644196
"409","559",15010,27520,-0.307649869066522,0.441049435571845,"nov",0,0,1938.20212418044,16948.2021241804,10571.7978758196
"410","560",14560,27120,-0.499828377773318,0.351571119582462,"nov",0,0,1876.0336091545,16436.0336091545,10683.9663908455
"411","569",16880,26920,0.490958600448389,0.30683196158777,"nov",0,0,2084.3258930998,18964.3258930998,7955.67410690021
"412","570",19770,34670,1.72517168969871,2.04047433388207,"nov",0,0,3829.71665624485,23599.7166562449,11070.2833437551
"413","571",17070,27450,0.572100637457926,0.425390730273703,"nov",0,0,2136.47624013753,19206.4762401375,8243.52375986247
"414","572",17360,27700,0.695949009735639,0.481314677767067,"nov",0,0,2195.2987007846,19555.2987007846,8144.70129921541
"415","581",17670,27530,0.828338649066989,0.44328639347158,"nov",0,0,2234.75733050281,19904.7573305028,7625.24266949719
"416","582",16050,28500,0.13649601772252,0.660271309745834,"nov",0,0,2068.78031897967,18118.7803189797,10381.2196810203
"417","583",17140,30850,0.60199507214565,1.18595641618346,"nov",0,0,2429.89405915817,19569.8940591582,11280.1059408418
"418","584",14610,27240,-0.47847521013923,0.378414614379276,"nov",0,0,1887.54590722195,16497.5459072219,10742.4540927781
"419","593",13600,25700,-0.909809196347818,0.0339230978201507,"nov",0,0,1608.2117032883,15208.2117032883,10491.7882967117
"420","594",20350,35810,1.97286843425413,2.29548753445181,"nov",0,0,4251.1700183065,24601.1700183065,11208.8299816935
"421","595",16690,26160,0.409816563438854,0.136823161207942,"nov",0,0,2030.69354100396,18720.693541004,7439.30645899604
"422","596",15630,26260,-0.0428705904038235,0.159192740205288,"nov",0,0,1941.90196993712,17571.9019699371,8688.09803006288
"423","605",16430,27960,0.298780091741593,0.539475583160167,"nov",0,0,2084.08236570188,18514.0823657019,9445.91763429812
"424","606",15720,27650,-0.00443488866246418,0.470129888268394,"nov",0,0,2002.43473518734,17722.4347351873,9927.56526481266
"425","607",15370,27960,-0.153907062101085,0.539475583160167,"nov",0,0,1985.12183108902,17355.121831089,10604.878168911
"426","608",14880,27850,-0.363168104915151,0.514869046263086,"nov",0,0,1940.21476518673,16820.2147651867,11029.7852348133
"427","617",15750,29690,0.00837701191798866,0.92646929981425,"nov",0,0,2095.34081506081,17845.3408150608,11844.6591849392
"428","618",18600,36030,1.22550756706104,2.34470060824597,"nov",0,0,3768.40960314764,22368.4096031476,13661.5903968524
"429","619",16560,26630,0.354298327590222,0.241960182495467,"nov",0,0,2037.54542602433,18597.5454260243,8032.45457397567
"430","620",16010,26710,0.11941348361525,0.259855845693344,"nov",0,0,1991.29441310117,18001.2944131012,8708.70558689882
"431","629",16660,24590,0.3970046628584,-0.214379229050388,"nov",0,0,1967.16730652044,18627.1673065204,5962.83269347956
"432","630",16840,23900,0.473876066341119,-0.368729324132074,"nov",0,0,1956.45045273944,18796.4504527394,5103.54954726055
"433","631",16760,27790,0.439710998126578,0.501447298864678,"nov",0,0,2114.76540423436,18874.7654042344,8915.23459576564
"434","632",15840,27460,0.046812713659348,0.427627688173438,"nov",0,0,2005.3520599487,17845.3520599487,9614.6479400513
"435","641",20500,33440,2.0369279371564,1.76532851221472,"nov",0,0,3778.71852858335,24278.7185285833,9161.28147141665
"436","642",16360,28810,0.268885657053868,0.729617004637606,"nov",0,0,2120.75250624973,18480.7525062497,10329.2474937503
"437","643",15840,27370,0.046812713659348,0.407495067075826,"nov",0,0,2001.90082546936,17841.9008254694,9528.09917453065
"438","644",15620,26320,-0.0471412239306419,0.172614487603695,"nov",0,0,1943.4082221293,17563.4082221293,8756.5917778707
"439","653",16630,24710,0.384192762277946,-0.187535734253573,"nov",0,0,1969.12199948594,18599.1219994859,6110.87800051406
"440","654",15250,27000,-0.205154664422897,0.324727624785647,"nov",0,0,1938.21474361618,17188.2147436162,9811.78525638382
"441","655",16200,27300,0.200555520624785,0.391836361777684,"nov",0,0,2031.04400498501,18231.044004985,9068.95599501499
"442","656",15000,25460,-0.311920502593339,-0.0197638917734789,"nov",0,0,1836.83546097664,16836.8354609766,8623.16453902336
"443","665",14020,29810,-0.730442588221475,0.953312794611064,"nov",0,0,1945.89364190043,15965.8936419004,13844.1063580996
"444","666",19400,33990,1.56715824920645,1.88836119670012,"nov",0,0,3559.20458649207,22959.2045864921,11030.7954135079
"445","667",18490,28360,1.17853059826604,0.62895389914955,"nov",0,0,2462.49153274251,20952.4915327425,7407.5084672575
"446","668",19900,29820,1.78068992554734,0.955549752510799,"nov",0,0,2913.69872474813,22813.6987247481,7006.30127525187
"447","677",16930,27610,0.512311768082478,0.461182056669456,"nov",0,0,2126.79725044398,19056.797250444,8553.20274955602
"448","678",16730,26590,0.426899097546124,0.233012350896529,"nov",0,0,2052.78975179865,18782.7897517986,7807.21024820135
"449","679",16350,26070,0.264615023527052,0.11669054011033,"nov",0,0,1996.28731580172,18346.2873158017,7723.71268419827
"450","680",16250,28200,0.221908688258874,0.593162572753796,"nov",0,0,2075.8528709732,18325.8528709732,9874.1471290268
"451","689",16010,27460,0.11941348361525,0.427627688173438,"nov",0,0,2020.19388374337,18030.1938837434,9429.80611625663
"452","690",21920,36010,2.64335789796451,2.3402266924465,"nov",0,0,4649.00476216568,26569.0047621657,9440.99523783432
"453","691",17310,27430,0.67459584210155,0.420916814474234,"nov",0,0,2169.75128717948,19479.7512871795,7950.24871282052
"454","692",15500,25750,-0.098388826252454,0.0451078873188238,"nov",0,0,1908.44594124295,17408.445941243,8341.55405875705
"455","701",13580,23530,-0.918350463401454,-0.451496766422253,"nov",0,0,1389.68082669898,14969.680826699,8560.31917330102
"456","702",16690,25400,0.409816563438854,-0.0331856391718869,"nov",0,0,2000.75434170969,18690.7543417097,6709.24565829031
"457","703",15280,26270,-0.192342763842444,0.161429698105022,"nov",0,0,1910.17927937122,17190.1792793712,9079.82072062878
"458","704",15210,26320,-0.222237198530167,0.172614487603695,"nov",0,0,1905.56941263644,17115.5694126364,9204.43058736356
"459","713",15490,28910,-0.102659459779272,0.751986583634952,"nov",0,0,2032.59750899961,17522.5975089996,11387.4024910004
"460","714",20640,32130,2.09671680653185,1.47228702734949,"nov",0,0,3529.01327561484,24169.0132756148,7960.98672438516
"461","715",17360,28090,0.695949009735639,0.568556035856716,"nov",0,0,2222.84468380894,19582.8446838089,8507.15531619106
"462","977",12010,28420,-1.58883992711183,0.642375646547958,"nov",0,0,1512.1837351864,13522.1837351864,14897.8162648136
"463","978",16000,24340,0.115142850088431,-0.270303176543752,"nov",0,0,1894.12487616939,17894.1248761694,6445.87512383061
"464","979",15130,23490,-0.256402266744709,-0.460444598021192,"nov",0,0,1715.7976164141,16845.7976164141,6644.2023835859
"465","980",13470,24950,-0.965327432196448,-0.133848744659943,"nov",0,0,1503.55167685953,14973.5516768595,9976.44832314047
