AES,Genotype ,Height (in.),Ear Angle (cm),Notes:
2,Mo001,64,,
2,Mo001,70,,
2,Mo001,51,,
2,Mo001,63,,
2,Mo001,64,,
2,Mo001,69,,
2,Mo001,66,,
2,Mo001,76,,
3,Mo005,80,,
3,Mo005,72,,
3,Mo005,64,,
3,Mo005,74,,
3,Mo005,76,,
3,Mo005,79,,
3,Mo005,73,,
3,Mo005,78,,
3,Mo005,80,,
3,Mo005,77,,
3,Mo005,79,,
6,Mo007,58,,
6,Mo007,66,,
6,Mo007,58,,
6,Mo007,67,,
6,Mo007,60,,
6,Mo007,65,,
6,Mo007,66,,
6,Mo007,67,,
6,Mo007,60,,
6,Mo007,65,,
6,Mo007,64,,
6,Mo007,60,,
6,Mo007,59,,
6,Mo007,62,,
7,Mo008 ,N/A,,
10,Mo010 ,69,,
10,Mo010 ,82,,
10,Mo010 ,70,,
10,Mo010 ,72,,
10,Mo010 ,66,,
10,Mo010 ,74,,
10,Mo010 ,71,,
10,Mo010 ,68,,
10,Mo010 ,74,,
10,Mo010 ,71,,
10,Mo010 ,68,,
10,Mo010 ,74,,
10,Mo010 ,74,,
10,Mo010 ,77,,
11,Mo012,66,,
11,Mo012,66,,
11,Mo012,66,,
11,Mo012,66,,
11,Mo012,70,,
11,Mo012,60,,
11,Mo012,69,,
11,Mo012,63,,
11,Mo012,57,,
11,Mo012,56,,
11,Mo012,63,,
14,Mo014,65,,
14,Mo014,53,,
14,Mo014,59,,
14,Mo014,61,,
14,Mo014,52,,
14,Mo014,52,,
14,Mo014,63,,
14,Mo014,65,,
15,Mo015,72,,
15,Mo015,70,,
15,Mo015,69,,
15,Mo015,64,,
15,Mo015,73,,
15,Mo015,63,,
15,Mo015,61,,
15,Mo015,64,,
15,Mo015,68,,
18,Mo016,62,,
18,Mo016,64,,
18,Mo016,62,,
18,Mo016,65,,
18,Mo016,62,,
18,Mo016,62,,
18,Mo016,63,,
18,Mo016,62,,
19,Mo017,73,,
19,Mo017,72,,
19,Mo017,72,,
19,Mo017,65,,
19,Mo017,73,,
19,Mo017,67,,
19,Mo017,68,,
19,Mo017,68,,
19,Mo017,74,,
19,Mo017,75,,
22,Mo021,71,,
22,Mo021,64,,
22,Mo021,68,,
22,Mo021,65,,
22,Mo021,68,,
22,Mo021,68,,
22,Mo021,64,,
22,Mo021,69,,
22,Mo021,66,,
23,Mo022,69,,
23,Mo022,67,,
23,Mo022,68,,
23,Mo022,67,,
23,Mo022,68,,
23,Mo022,58,,
23,Mo022,66,,
23,Mo022,58,,
23,Mo022,66,,
23,Mo022,65,,
23,Mo022,66,,
23,Mo023,52,,
23,Mo023,47,,
23,Mo023,54,,
23,Mo023,46,,
23,Mo023,57,,
23,Mo023,57,,
23,Mo023,43,,
23,Mo023,56,,
23,Mo023,53,,
23,Mo023,55,,
23,Mo023,55,,
23,Mo023,54,,
27,Mo024,85,,
27,Mo024,85,,
27,Mo024,85,,
27,Mo024,86,,
27,Mo024,88,,
27,Mo024,85,,
27,Mo024,86,,
27,Mo024,83,,
27,Mo024,86,,
27,Mo024,85,,
30,Mo025,59,,
30,Mo025,69,,
30,Mo025,69,,
30,Mo025,69,,
30,Mo025,60,,
30,Mo025,69,,
30,Mo025,69,,
30,Mo025,65,,
30,Mo025,62,,
30,Mo025,62,,
30,Mo025,66,,
31,Mo027,59,,
31,Mo027,57,,
31,Mo027,57,,
31,Mo027,59,,
31,Mo027,62,,
31,Mo027,56,,
31,Mo027,59,,
31,Mo027,54,,
34,Mo028,68,,
34,Mo028,67,,
34,Mo028,66,,
34,Mo028,67,,
34,Mo028,71,,
34,Mo028,57,,
34,Mo028,51,,
34,Mo028,66,,
35,Mo029,62,,
35,Mo029,58,,
35,Mo029,64,,
35,Mo029,60,,
35,Mo029,59,,
35,Mo029,58,,
35,Mo029,62,,
35,Mo029,63,,
35,Mo029,62,,
35,Mo029,63,,
35,Mo029,62,,
35,Mo029,62,,
38,Mo030,66,,
38,Mo030,60,,
38,Mo030,66,,
38,Mo030,67,,
38,Mo030,65,,
38,Mo030,63,,
38,Mo030,65,,
38,Mo030,67,,
38,Mo030,71,,
38,Mo030,61,,
39,Mo031,75,,
39,Mo031,83,,
39,Mo031,82,,
39,Mo031,79,,
39,Mo031,70,,
39,Mo031,81,,
39,Mo031,74,,
39,Mo031,85,,
39,Mo031,80,,
39,Mo031,82,,
42,Mo032,49,,
42,Mo032,72,,
42,Mo032,60,,
42,Mo033,55,,
42,Mo033,52,,
42,Mo033,61,,
42,Mo033,72,,
42,Mo033,69,,
42,Mo033,64,,
42,Mo033,63,,
42,Mo033,70,,
42,Mo033,63,,
46,Mo034,70,,
46,Mo034,63,,
46,Mo034,59,,
47,Mo035,58,,
47,Mo035,57,,
47,Mo035,54,,
47,Mo035,56,,
47,Mo035,59,,
47,Mo035,55,,
47,Mo035,57,,
47,Mo035,58,,
47,Mo035,58,,
47,Mo035,58,,
47,Mo035,57,,
47,Mo035,62,,
47,Mo035,59,,
50,Mo039 ,85,,
50,Mo039 ,80,,
50,Mo039 ,81,,
50,Mo039 ,78,,
50,Mo039 ,75,,
50,Mo039 ,80,,
50,Mo039 ,72,,
50,Mo039 ,78,,
50,Mo039 ,74,,
50,Mo039 ,73,,
50,Mo039 ,71,,
50,Mo039 ,72,,
50,Mo039 ,75,,
51,Mo040,86,,
51,Mo040,72,,
51,Mo040,73,,
51,Mo040,89,,
51,Mo040,85,,
51,Mo040,83,,
51,Mo040,85,,
51,Mo040,71,,
51,Mo040,78,,
51,Mo040,85,,
51,Mo040,83,,
51,Mo040,71,,
51,Mo040,86,,
54,Mo043,63,,
54,Mo043,67,,
54,Mo043,64,,
54,Mo043,68,,
55,Mo044,70,,
55,Mo044,63,,
55,Mo044,64,,
55,Mo044,69,,
55,Mo044,65,,
55,Mo044,56,,
55,Mo044,57,,
55,Mo044,73,,
58,Mo045,59,,
58,Mo045,65,,
58,Mo045,63,,
58,Mo045,64,,
58,Mo045,53,,
58,Mo045,56,,
58,Mo045,62,,
58,Mo045,63,,
58,Mo045,63,,
59,Mo046,76,,
59,Mo046,72,,
59,Mo046,65,,
59,Mo046,70,,
59,Mo046,68,,
59,Mo046,79,,
59,Mo046,65,,
59,Mo046,67,,
59,Mo046,65,,
59,Mo046,64,,
59,Mo046,56,,
62,Mo048,57,,Mitochondrial defect
63,Mo051,72,,
63,Mo051,67,,
63,Mo051,65,,
63,Mo051,66,,
63,Mo051,60,,
63,Mo051,69,,
63,Mo051,65,,
63,Mo051,62,,
63,Mo051,63,,
63,Mo051,60,,
63,Mo051,63,,
63,Mo051,66,,
63,Mo051,68,,
66,Mo052,66,,
66,Mo052,64,,
66,Mo052,63,,
66,Mo052,48,,
66,Mo052,62,,
66,Mo052,64,,
66,Mo052,62,,
66,Mo052,65,,
66,Mo052,65,,
66,Mo052,59,,
67,Mo054,69,,
67,Mo054,61,,
67,Mo054,65,,
67,Mo054,72,,
67,Mo054,56,,
67,Mo054,69,,
67,Mo054,66,,
67,Mo054,70,,
67,Mo054,66,,
67,Mo054,68,,
67,Mo054,76,,
67,Mo054,71,,
70,Mo055,65,,
70,Mo055,58,,
70,Mo055,72,,
70,Mo055,70,,
70,Mo055,51,,
70,Mo055,48,,
70,Mo055,68,,
70,Mo055,68,,
71,Mo057,56,,
71,Mo057,66,,
71,Mo057,51,,
71,Mo057,48,,
71,Mo057,55,,
71,Mo057,58,,
71,Mo057,65,,
71,Mo057,65,,
74,Mo058,64,,
74,Mo058,62,,
74,Mo058,64,,
74,Mo058,65,,
74,Mo058,60,,
74,Mo058,64,,
74,Mo058,69,,
74,Mo058,70,,
74,Mo058,66,,
74,Mo058,65,,
74,Mo058,69,,
75,Mo060,68,,
75,Mo060,62,,
75,Mo060,61,,
75,Mo060,61,,
75,Mo060,59,,
75,Mo060,58,,
75,Mo060,62,,
75,Mo060,63,,
75,Mo060,65,,
75,Mo060,67,,
75,Mo060,61,,
75,Mo060,62,,
78,Mo061,68,,
78,Mo061,66,,
78,Mo061,70,,
78,Mo061,71,,
78,Mo061,70,,
78,Mo061,68,,
78,Mo061,65,,
78,Mo061,65,,
79,Mo063,58,,
79,Mo063,63,,
79,Mo063,77,,
79,Mo063,75,,
79,Mo063,65,,
79,Mo063,63,,
79,Mo063,64,,
79,Mo063,67,,
79,Mo063,66,,
79,Mo063,67,,
79,Mo063,62,,
79,Mo063,72,,
82,B73,72,,
82,B73,70,,
82,B73,59,,
82,B73,53,,
82,B73,46,,
82,B73,57,,
83,Mo067,N/A,,No plants
86,Mo074,71,,
86,Mo074,62,,
86,Mo074,66,,
86,Mo074,68,,
86,Mo074,68,,
86,Mo074,65,,
86,Mo074,66,,
86,Mo074,74,,
86,Mo074,73,,
86,Mo074,63,,
86,Mo074,68,,
86,Mo074,75,,
86,Mo074,75,,
87,Mo076,75,,
87,Mo076,69,,
87,Mo076,69,,
87,Mo076,77,,
87,Mo076,78,,
87,Mo076,77,,
87,Mo076,56,,
87,Mo076,79,,
87,Mo076,70,,
87,Mo076,79,,
90,Mo077,61,,
90,Mo077,67,,
90,Mo077,67,,
90,Mo077,43,,
90,Mo077,67,,
90,Mo077,65,,
90,Mo077,67,,
90,Mo077,73,,
90,Mo077,64,,
90,Mo077,74,,
91,Mo079,74,,
91,Mo079,64,,
91,Mo079,75,,
91,Mo079,74,,
91,Mo079,75,,
91,Mo079,73,,
91,Mo079,74,,
91,Mo079,52,,
94,Mo262,62,,
94,Mo262,65,,
94,Mo262,61,,
94,Mo262,67,,
94,Mo262,66,,
94,Mo262,67,,
94,Mo262,70,,
94,Mo262,63,,
94,Mo262,66,,
94,Mo262,61,,
94,Mo262,67,,
94,Mo262,67,,
94,Mo262,72,,
95,Mo264,49,,4 plants are male sterile
95,Mo264,47,,4 plants are male sterile
95,Mo264,45,,4 plants are male sterile
95,Mo264,49,,4 plants are male sterile
95,Mo264,48,,4 plants are male sterile
95,Mo264,40,,4 plants are male sterile
95,Mo264,45,,4 plants are male sterile
95,Mo264,50,,4 plants are male sterile
98,Mo265,64,,
98,Mo265,69,,
98,Mo265,64,,
98,Mo265,65,,
98,Mo265,59,,
98,Mo265,65,,
98,Mo265,65,,
98,Mo265,62,,
98,Mo265,65,,
98,Mo265,68,,
99,Mo266,76,,
99,Mo266,65,,
99,Mo266,68,,
99,Mo266,69,,
99,Mo266,61,,
99,Mo266,66,,
99,Mo266,63,,
99,Mo266,70,,
99,Mo266,67,,
99,Mo266,66,,
99,Mo266,68,,
99,Mo266,60,,
102,Mo267,48,,
102,Mo267,50,,
102,Mo267,51,,
102,Mo267,56,,
102,Mo267,50,,
102,Mo267,52,,
102,Mo267,52,,
102,Mo267,51,,
102,Mo267,58,,
102,Mo267,47,,
102,Mo267,58,,
102,Mo267,52,,
103,Mo269,58,,
103,Mo269,64,,
103,Mo269,58,,
103,Mo269,61,,
103,Mo269,60,,
103,Mo269,57,,
103,Mo269,57,,
103,Mo269,57,,
103,Mo269,53,,
103,Mo269,58,,
106,Mo272,63,,
106,Mo272,61,,
106,Mo272,65,,
106,Mo272,60,,
106,Mo272,65,,
106,Mo272,63,,
106,Mo272,61,,
106,Mo272,63,,
106,Mo272,66,,
107,Mo275,59,,
107,Mo275,66,,
107,Mo275,59,,
110,Mo276,61,,
110,Mo276,68,,
110,Mo276,67,,
110,Mo276,67,,
110,Mo276,67,,
110,Mo276,66,,
110,Mo276,67,,
110,Mo276,67,,
110,Mo276,64,,
110,Mo276,66,,
110,Mo276,60,,
110,Mo276,64,,
111,Mo281,81,,
111,Mo281,98,,
111,Mo281,95,,
111,Mo281,73,,
111,Mo281,83,,
111,Mo281,82,,
111,Mo281,90,,
111,Mo281,81,,
111,Mo281,80,,
111,Mo281,75,,
111,Mo281,81,,
111,Mo281,80,,
111,Mo281,84,,
111,Mo281,83,,
111,Mo281,92,,
114,Mo284,70,,
114,Mo284,80,,
114,Mo284,79,,
114,Mo284,81,,
114,Mo284,81,,
114,Mo284,76,,
114,Mo284,80,,
114,Mo284,78,,
114,Mo284,78,,
114,Mo284,74,,
114,Mo284,82,,
114,Mo284,80,,
114,Mo284,77,,
115,Mo287,82,,
115,Mo287,79,,
115,Mo287,85,,
115,Mo287,79,,
115,Mo287,79,,
115,Mo287,77,,
115,Mo287,82,,
115,Mo287,82,,
115,Mo287,81,,
115,Mo287,82,,
115,Mo287,81,,
115,Mo287,81,,
115,Mo287,81,,
115,Mo287,85,,
118,Mo288,57,,
118,Mo288,68,,
118,Mo288,66,,
118,Mo288,60,,
118,Mo288,65,,
118,Mo288,58,,
118,Mo288,61,,
118,Mo288,66,,
118,Mo288,63,,
118,Mo288,67,,
118,Mo288,61,,
119,Mo296,53,,
119,Mo296,67,,
119,Mo296,52,,
119,Mo296,72,,
119,Mo296,69,,
119,Mo296,70,,
119,Mo296,65,,
119,Mo296,67,,
119,Mo296,69,,
122,Mo297,62,,
122,Mo297,64,,
122,Mo297,64,,
122,Mo297,61,,
122,Mo297,60,,
122,Mo297,58,,
122,Mo297,64,,
122,Mo297,60,,
122,Mo297,62,,
122,Mo297,57,,
122,Mo297,64,,
122,Mo297,52,,
123,Mo298,54,,
123,Mo298,62,,
123,Mo298,59,,
123,Mo298,64,,
123,Mo298,60,,
123,Mo298,60,,
123,Mo298,46,,
123,Mo298,63,,
123,Mo298,54,,
123,Mo298,58,,
123,Mo298,61,,
123,Mo298,56,,
126,Mo309,72,,
126,Mo309,72,,
126,Mo309,66,,
126,Mo309,71,,
126,Mo309,72,,
126,Mo309,77,,
126,Mo309,75,,
126,Mo309,75,,
126,Mo309,69,,
126,Mo309,73,,
126,Mo309,70,,
126,Mo309,70,,
126,Mo309,72,,
127,Mo310,N/A,,No plants
130,Mo311,53,,
130,Mo311,61,,
130,Mo311,59,,
130,Mo311,57,,
130,Mo311,57,,
130,Mo311,63,,
130,Mo311,59,,
130,Mo311,61,,
130,Mo311,61,,
130,Mo311,64,,
130,Mo311,59,,
131,Mo315,73,,
131,Mo315,70,,
131,Mo315,74,,
131,Mo315,69,,
131,Mo315,70,,
131,Mo315,64,,
131,Mo315,63,,
131,Mo315,66,,
131,Mo315,64,,
134,Mo317,60,,Pale flecked plants
134,Mo317,65,,Pale flecked plants
134,Mo317,55,,Pale flecked plants
134,Mo317,49,,Pale flecked plants
134,Mo317,65,,Pale flecked plants
134,Mo317,55,,Pale flecked plants
134,Mo317,57,,Pale flecked plants
134,Mo317,56,,Pale flecked plants
134,Mo317,51,,Pale flecked plants
134,Mo317,47,,Pale flecked plants
134,Mo317,49,,Pale flecked plants
134,Mo317,55,,Pale flecked plants
134,Mo317,64,,Pale flecked plants
134,Mo317,42,,Pale flecked plants
135,Mo321,63,,
135,Mo321,59,,
135,Mo321,53,,
135,Mo321,49,,
135,Mo321,61,,
135,Mo321,55,,
135,Mo321,58,,
135,Mo321,59,,
135,Mo321,58,,
135,Mo321,54,,
135,Mo321,49,,
135,Mo321,52,,
138,Mo322,73,,
138,Mo322,80,,
138,Mo322,61,,
138,Mo322,71,,
138,Mo322,74,,
138,Mo322,78,,
139,Mo323,75,,
139,Mo323,73,,
139,Mo323,67,,
139,Mo323,80,,
139,Mo323,78,,
139,Mo323,76,,
139,Mo323,82,,
139,Mo323,80,,
139,Mo323,79,,
139,Mo323,73,,
139,Mo323,78,,
139,Mo323,81,,
142,Mo325,78,,
142,Mo325,60,,
142,Mo325,80,,
142,Mo325,86,,
142,Mo325,81,,
142,Mo325,82,,
142,Mo325,84,,
143,Mo326,61,,
143,Mo326,68,,
143,Mo326,64,,
143,Mo326,60,,
143,Mo326,59,,
143,Mo326,58,,
143,Mo326,69,,
143,Mo326,58,,
143,Mo326,58,,
143,Mo326,54,,
143,Mo326,62,,
143,Mo326,67,,
143,Mo326,72,,
146,Mo328,55,,
146,Mo328,74,,
146,Mo328,68,,
146,Mo328,67,,
146,Mo328,76,,
146,Mo328,66,,
146,Mo328,48,,
146,Mo328,65,,
146,Mo328,63,,
146,Mo328,77,,
146,Mo328,73,,
146,Mo328,57,,
146,Mo328,59,,
147,Mo337,67,,Diseased leaves
147,Mo337,65,,Diseased leaves
147,Mo337,77,,Diseased leaves
147,Mo337,86,,Diseased leaves
147,Mo337,72,,Diseased leaves
147,Mo337,63,,Diseased leaves
147,Mo337,69,,Diseased leaves
147,Mo337,77,,Diseased leaves
147,Mo337,75,,Diseased leaves
150,Mo341,N/A,N/A,No plants
151,Mo344,72,,
151,Mo344,52,,
151,Mo344,66,,
151,Mo344,79,,
151,Mo344,60,,
151,Mo344,70,,
151,Mo344,67,,
151,Mo344,66,,
151,Mo344,64,,
151,Mo344,74,,
151,Mo344,59,,
151,Mo344,67,,
151,Mo344,55,,
151,Mo344,78,,
154,Mo345,73,,
154,Mo345,70,,
154,Mo345,74,,
154,Mo345,78,,
154,Mo345,75,,
154,Mo345,73,,
154,Mo345,71,,
154,Mo345,75,,
154,Mo345,81,,
155,Mo346,61,,
155,Mo346,73,,
155,Mo346,76,,
155,Mo346,76,,
155,Mo346,79,,
155,Mo346,67,,
155,Mo346,81,,
155,Mo346,69,,
155,Mo346,66,,
155,Mo346,42,,
155,Mo346,67,,
155,Mo346,68,,
158,Mo352,54,,
158,Mo352,49,,
158,Mo352,51,,
158,Mo352,52,,
158,Mo352,51,,
158,Mo352,50,,
159,Mo354,56,,
159,Mo354,58,,
159,Mo354,65,,
159,Mo354,54,,
159,Mo354,57,,
159,Mo354,56,,
159,Mo354,58,,
159,Mo354,60,,
159,Mo354,63,,
159,Mo354,59,,
159,Mo354,63,,
162,Mo355,79,,
162,Mo355,74,,
162,Mo355,69,,
162,Mo355,77,,
162,Mo355,78,,
162,Mo355,76,,
162,Mo355,75,,
162,Mo355,74,,
162,Mo355,70,,
163,Mo357,54,,
163,Mo357,52,,
163,Mo357,53,,
163,Mo357,48,,
163,Mo357,57,,
163,Mo357,60,,
163,Mo357,57,,
163,Mo357,47,,
166,Mo360,72,,
166,Mo360,68,,
166,Mo360,66,,
166,Mo360,70,,
166,Mo360,69,,
166,Mo360,68,,
166,Mo360,70,,
166,Mo360,73,,
166,Mo360,73,,
166,Mo360,67,,
166,Mo360,59,,
166,Mo360,70,,
166,Mo360,66,,
167,Mo364,74,,
167,Mo364,73,,
167,Mo364,59,,
167,Mo364,67,,
167,Mo364,70,,
167,Mo364,75,,
167,Mo364,62,,
167,Mo364,70,,
167,Mo364,75,,
167,Mo364,76,,
167,Mo364,72,,
167,Mo364,68,,
170,Mo365,77,,
170,Mo366,72,,
170,Mo367,73,,
170,Mo368,75,,
170,Mo369,78,,
170,Mo370,76,,
170,Mo371,77,,
170,Mo372,76,,
170,Mo373,83,,
170,Mo374,73,,
170,Mo375,78,,
170,Mo376,82,,
171,Mo368,57,,
171,Mo369,48,,
171,Mo370,75,,
171,Mo371,83,,
171,Mo372,80,,
171,Mo373,61,,
171,Mo374,72,,
174,Mo369,65,,
174,Mo369,70,,
174,Mo369,74,,
174,Mo369,69,,
174,Mo369,72,,
174,Mo369,72,,
174,Mo369,65,,
174,Mo369,78,,
174,Mo369,72,,
174,Mo369,74,,
174,Mo369,66,,
174,Mo369,70,,
174,Mo369,58,,
174,Mo369,73,,
174,Mo369,72,,
174,Mo369,72,,
174,Mo369,77,,
175,Mo378,74,,
175,Mo378,74,,
175,Mo378,67,,
175,Mo378,76,,
175,Mo378,73,,
175,Mo378,77,,
175,Mo378,69,,
175,Mo378,75,,
175,Mo378,77,,
175,Mo378,73,,
178,Mo379,59,,
178,Mo379,50,,
178,Mo379,58,,
178,Mo379,56,,
178,Mo379,40,,
178,Mo379,53,,
178,Mo379,57,,
178,Mo379,59,,
178,Mo379,57,,
178,Mo379,57,,
179,Mo382,67,,
179,Mo382,72,,
179,Mo382,66,,
179,Mo382,69,,
179,Mo382,66,,
179,Mo382,63,,
179,Mo382,68,,
179,Mo382,70,,
179,Mo382,68,,
179,Mo382,69,,
179,Mo382,68,,
179,Mo382,66,,
182,Mo383,67,,
182,Mo383,68,,
182,Mo383,66,,
182,Mo383,65,,
182,Mo383,66,,
182,Mo383,67,,
182,Mo383,66,,
182,Mo383,68,,
182,Mo383,64,,
182,Mo383,61,,
182,Mo383,65,,
183,Mo384,74,,
183,Mo385,74,,
183,Mo386,75,,
183,Mo387,72,,
183,Mo388,68,,
183,Mo389,74,,
183,Mo390,56,,
183,Mo391,60,,
183,Mo392,71,,
183,Mo393,73,,
183,Mo394,69,,
183,Mo395,73,,
183,Mo396,74,,
186,IBMB73,79,,
186,IBMB73,81,,
187,Mo17,N/A,,No plants
190,B73,82,,
190,B73,80,,
190,B73,80,,
190,B73,81,,
190,B73,81,,
190,B73,81,,
191,Mo17,N/A,,No plants
194,B73,80,,
194,B73,81,,
194,B73,75,,
194,B73,79,,
194,B73,79,,
194,B73,68,,
194,B73,81,,
194,B73,80,,
194,B73,82,,
194,B73,81,,
194,B73,82,,
194,B73,75,,
194,B73,76,,
194,B73,78,,
194,B73,77,,
194,B73,79,,
195,B73,84,,
195,B73,81,,
195,B73,80,,
195,B73,88,,
195,B73,80,,
195,B73,81,,
200,PH207xMo007,84,25,
200,PH207xMo007,79,12,
200,PH207xMo007,84,30,
200,PH207xMo007,80,28,
200,PH207xMo007,78,30,
200,PH207xMo007,82,30,
200,PH207xMo007,84,25,
200,PH207xMo007,86,17,
200,PH207xMo007,82,20,
200,PH207xMo007,88,29,
201,PH207xMo010,87,11,
201,PH207xMo010,89,14,
201,PH207xMo010,90,14,
201,PH207xMo010,87,9,
201,PH207xMo010,91,16,
201,PH207xMo010,95,14,
201,PH207xMo010,90,22,
201,PH207xMo010,88,23,
201,PH207xMo010,86,14,
201,PH207xMo010,87,19,
201,PH207xMo010,81,15,
201,PH207xMo010,87,17,
201,PH207xMo010,79,7,
201,PH207xMo010,84,14,
202,PH207xMo012,77,17,
202,PH207xMo012,79,7,
202,PH207xMo012,68,12,
202,PH207xMo012,88,14,
202,PH207xMo012,89,23,
202,PH207xMo012,68,12,
202,PH207xMo012,87,12,
202,PH207xMo012,71,12,
202,PH207xMo012,86,15,
202,PH207xMo012,91,11,
202,PH207xMo012,90,23,
202,PH207xMo012,86,21,
203,PH207xMo014,77,12,
203,PH207xMo014,78,10,
203,PH207xMo014,77,8,
203,PH207xMo014,82,4,
203,PH207xMo014,79,3,
203,PH207xMo014,76,13,
203,PH207xMo014,83,8,
203,PH207xMo014,80,4,
203,PH207xMo014,76,4,
203,PH207xMo014,78,5,
203,PH207xMo014,80,5,
203,PH207xMo014,82,5,
204,PH207xMo015,87,31,
204,PH207xMo015,82,15,
204,PH207xMo015,88,21,
204,PH207xMo015,81,26,
204,PH207xMo015,81,10,
204,PH207xMo015,83,16,
204,PH207xMo015,86,24,
204,PH207xMo015,85,21,
204,PH207xMo015,85,16,
204,PH207xMo015,82,19,
204,PH207xMo015,82,14,
204,PH207xMo015,82,15,
204,PH207xMo015,83,27,
205,PH207xMo016,77,18,
205,PH207xMo016,79,14,
205,PH207xMo016,77,10,
205,PH207xMo016,77,10,
205,PH207xMo016,81,12,
205,PH207xMo016,78,7,
205,PH207xMo016,83,12,
205,PH207xMo016,79,9,
205,PH207xMo016,79,7,
205,PH207xMo016,82,7,
205,PH207xMo016,77,10,
205,PH207xMo016,85,18,
206,PH207xMo017,89,17,
206,PH207xMo017,86,14,
206,PH207xMo017,82,15,
206,PH207xMo017,83,9,
206,PH207xMo017,88,20,
206,PH207xMo017,82,10,
206,PH207xMo017,85,17,
206,PH207xMo017,85,11,
206,PH207xMo017,86,25,
206,PH207xMo017,86,15,
206,PH207xMo017,84,20,
206,PH207xMo017,83,15,
206,PH207xMo017,90,17,
206,PH207xMo017,85,23,
206,PH207xMo017,86,25,
207,PH207xMo021,80,23,
207,PH207xMo021,78,15,
207,PH207xMo021,84,15,
207,PH207xMo021,83,10,
207,PH207xMo021,73,15,
207,PH207xMo021,78,8,
207,PH207xMo021,74,11,
207,PH207xMo021,84,21,
207,PH207xMo021,83,22,
207,PH207xMo021,86,14,
207,PH207xMo021,85,7,
207,PH207xMo021,86,9,
207,PH207xMo021,82,8,
207,PH207xMo021,85,17,
208,PH207xMo023,75,9,
208,PH207xMo023,86,11,
208,PH207xMo023,70,4,
208,PH207xMo023,79,10,
208,PH207xMo023,80,9,
208,PH207xMo023,81,12,
208,PH207xMo023,86,11,
208,PH207xMo023,80,10,
208,PH207xMo023,85,7,
208,PH207xMo023,86,18,
208,PH207xMo023,85,20,
208,PH207xMo023,84,23,
208,PH207xMo023,84,19,
208,PH207xMo023,81,19,
209,PH207xMo025,80,28,
209,PH207xMo025,84,27,
209,PH207xMo025,84,23,
209,PH207xMo025,84,11,
209,PH207xMo025,85,20,
209,PH207xMo025,87,28,
209,PH207xMo025,85,13,
209,PH207xMo025,88,21,
209,PH207xMo025,88,13,
209,PH207xMo025,84,16,
209,PH207xMo025,85,27,
209,PH207xMo025,85,26,
209,PH207xMo025,80,10,
209,PH207xMo025,83,25,
209,PH207xMo025,76,6,
210,PH207xMo027,82,37,
210,PH207xMo027,85,35,
210,PH207xMo027,81,19,
210,PH207xMo027,85,19,
210,PH207xMo027,80,35,
210,PH207xMo027,85,37,
210,PH207xMo027,77,28,
210,PH207xMo027,85,29,
210,PH207xMo027,85,36,
210,PH207xMo027,84,26,
210,PH207xMo027,81,32,
211,PH207xMo028,82,15,
211,PH207xMo028,76,12,
211,PH207xMo028,82,13,
211,PH207xMo028,85,19,
211,PH207xMo028,80,17,
211,PH207xMo028,78,25,
211,PH207xMo028,82,12,
212,PH207xMo029,83,31,
212,PH207xMo029,82,20,
212,PH207xMo029,80,23,
212,PH207xMo029,84,22,
212,PH207xMo029,81,12,
212,PH207xMo029,87,20,
212,PH207xMo029,79,22,
212,PH207xMo029,86,22,
213,PH207xMo031,85,19,
213,PH207xMo031,86,13,
213,PH207xMo031,84,17,
213,PH207xMo031,86,15,
213,PH207xMo031,84,13,
213,PH207xMo031,82,11,
213,PH207xMo031,82,13,
213,PH207xMo031,85,18,
213,PH207xMo031,86,12,
214,PH207xMo034,81,18,
214,PH207xMo034,77,13,
214,PH207xMo034,77,6,
214,PH207xMo034,77,14,
214,PH207xMo034,79,15,
214,PH207xMo034,80,7,
214,PH207xMo034,75,11,
214,PH207xMo034,80,14,
214,PH207xMo034,84,23,
214,PH207xMo034,81,11,
214,PH207xMo034,84,21,
214,PH207xMo034,84,25,
215,PH207xMo035,80,21,
215,PH207xMo035,81,13,
215,PH207xMo035,78,12,
215,PH207xMo035,77,8,
215,PH207xMo035,81,22,
215,PH207xMo035,78,11,
215,PH207xMo035,76,9,
215,PH207xMo035,78,16,
215,PH207xMo035,79,12,
215,PH207xMo035,74,11,
215,PH207xMo035,79,19,
216,PH207xMo039,84,31,Segregation of varience gene. Tassels are of similar height.
216,PH207xMo039,83,31,Segregation of varience gene. Tassels are of similar height.
216,PH207xMo039,77,13,Segregation of varience gene. Tassels are of similar height.
216,PH207xMo039,85,14,Segregation of varience gene. Tassels are of similar height.
216,PH207xMo039,83,21,Segregation of varience gene. Tassels are of similar height.
216,PH207xMo039,81,10,Segregation of varience gene. Tassels are of similar height.
216,PH207xMo039,82,20,Segregation of varience gene. Tassels are of similar height.
216,PH207xMo039,79,12,Segregation of varience gene. Tassels are of similar height.
216,PH207xMo039,83,9,Segregation of varience gene. Tassels are of similar height.
216,PH207xMo039,88,24,Segregation of varience gene. Tassels are of similar height.
216,PH207xMo039,89,32,Segregation of varience gene. Tassels are of similar height.
216,PH207xMo039,87,20,Segregation of varience gene. Tassels are of similar height.
216,PH207xMo039,71,19,Segregation of varience gene. Tassels are of similar height.
217,PH207xMo045,92,13,
217,PH207xMo045,85,13,
217,PH207xMo045,87,13,
217,PH207xMo045,84,10,
217,PH207xMo045,88,15,
217,PH207xMo045,89,14,
217,PH207xMo045,71,7,
217,PH207xMo045,83,13,
217,PH207xMo045,79,17,
218,PH207xMo051,86,18,
218,PH207xMo051,83,13,
218,PH207xMo051,80,12,
218,PH207xMo051,81,7,
218,PH207xMo051,83,9,
218,PH207xMo051,83,7,
218,PH207xMo051,83,8,
218,PH207xMo051,84,7,
218,PH207xMo051,82,10,
218,PH207xMo051,85,12,
218,PH207xMo051,80,12,
219,PH207xMo052,78,10,
219,PH207xMo052,80,12,
219,PH207xMo052,79,11,
219,PH207xMo052,82,8,
219,PH207xMo052,77,8,
219,PH207xMo052,80,6,
219,PH207xMo052,82,9,
219,PH207xMo052,81,8,
219,PH207xMo052,80,7,
219,PH207xMo052,83,12,
219,PH207xMo052,86,6,
219,PH207xMo052,87,13,
219,PH207xMo052,85,29,
219,PH207xMo052,88,21,
220,PH207xMo054,87,36,
220,PH207xMo054,85,27,
220,PH207xMo054,88,18,
220,PH207xMo054,88,27,
220,PH207xMo054,88,17,
220,PH207xMo054,85,17,
220,PH207xMo054,87,18,
220,PH207xMo054,84,19,
220,PH207xMo054,83,10,
220,PH207xMo054,86,6,
220,PH207xMo054,87,13,
220,PH207xMo054,85,29,
220,PH207xMo054,88,21,
221,PH207xMo055,85,26,
221,PH207xMo055,89,28,
221,PH207xMo055,88,23,
221,PH207xMo055,88,8,
221,PH207xMo055,89,20,
221,PH207xMo055,86,8,
221,PH207xMo055,89,8,
221,PH207xMo055,84,11,
221,PH207xMo055,86,22,
221,PH207xMo055,82,7,
221,PH207xMo055,88,18,
221,PH207xMo055,84,29,
222,PH207xMo061,89,32,
222,PH207xMo061,88,17,
222,PH207xMo061,81,13,
222,PH207xMo061,85,32,
222,PH207xMo061,84,11,
222,PH207xMo061,82,7,
222,PH207xMo061,82,11,
222,PH207xMo061,87,23,
222,PH207xMo061,87,24,
222,PH207xMo061,82,17,
222,PH207xMo061,92,41,
223,PH207xMo063,89,35,
223,PH207xMo063,89,17,
223,PH207xMo063,87,33,
223,PH207xMo063,90,27,
223,PH207xMo063,86,35,
223,PH207xMo063,102,40,
223,PH207xMo063,94,35,
223,PH207xMo063,90,29,
223,PH207xMo063,84,21,
223,PH207xMo063,93,32,
224,PH207xMo074,81,29,
224,PH207xMo074,78,11,
224,PH207xMo074,85,35,
224,PH207xMo074,93,15,
224,PH207xMo074,82,26,
224,PH207xMo074,83,32,
224,PH207xMo074,76,29,
224,PH207xMo074,79,15,
224,PH207xMo074,81,29,
224,PH207xMo074,80,28,
224,PH207xMo074,82,22,
224,PH207xMo074,80,21,
224,PH207xMo074,84,29,
225,PH207xMo262,78,27,
225,PH207xMo262,83,21,
225,PH207xMo262,73,9,
225,PH207xMo262,74,24,
225,PH207xMo262,74,16,
225,PH207xMo262,78,24,
225,PH207xMo262,77,16,
225,PH207xMo262,80,7,
225,PH207xMo262,78,27,
225,PH207xMo262,82,20,
225,PH207xMo262,81,22,
225,PH207xMo262,82,33,
226,PH207xMo265,79,27,
226,PH207xMo265,79,26,
226,PH207xMo265,80,13,
226,PH207xMo265,73,19,
226,PH207xMo265,78,17,
226,PH207xMo265,78,14,
226,PH207xMo265,80,14,
226,PH207xMo265,80,14,
226,PH207xMo265,79,15,
226,PH207xMo265,77,8,
226,PH207xMo265,77,9,
226,PH207xMo265,70,11,
226,PH207xMo265,83,25,
226,PH207xMo265,84,25,
227,PH207xMo266,90,8,
227,PH207xMo266,80,10,
227,PH207xMo266,84,8,
227,PH207xMo266,80,7,
227,PH207xMo266,78,6,
227,PH207xMo266,79,5,
227,PH207xMo266,73,4,
227,PH207xMo266,81,12,
227,PH207xMo266,77,5,
227,PH207xMo266,85,13,
227,PH207xMo266,78,7,
227,PH207xMo266,80,6,
227,PH207xMo266,74,5,
228,PH207xMo267,75,25,
228,PH207xMo267,67,21,
228,PH207xMo267,74,16,
228,PH207xMo267,72,10,
228,PH207xMo267,68,9,
228,PH207xMo267,77,19,
228,PH207xMo267,74,15,
228,PH207xMo267,80,11,
228,PH207xMo267,79,15,
228,PH207xMo267,81,14,
228,PH207xMo267,83,26,
228,PH207xMo267,91,29,
229,PH207xMo269,81,17,
229,PH207xMo269,83,14,
229,PH207xMo269,82,7,
229,PH207xMo269,77,6,
229,PH207xMo269,79,11,
229,PH207xMo269,80,10,
229,PH207xMo269,78,9,
229,PH207xMo269,64,16,
229,PH207xMo269,80,21,
229,PH207xMo269,79,15,
230,PH207xMo272,77,11,
230,PH207xMo272,77,11,
230,PH207xMo272,76,11,
230,PH207xMo272,78,10,
230,PH207xMo272,77,10,
230,PH207xMo272,84,15,
230,PH207xMo272,79,7,
230,PH207xMo272,73,8,
230,PH207xMo272,79,8,
230,PH207xMo272,82,12,
230,PH207xMo272,81,14,
230,PH207xMo272,79,15,
231,PH207xMo276,77,26,
231,PH207xMo276,77,8,
231,PH207xMo276,77,10,
231,PH207xMo276,80,9,
231,PH207xMo276,79,15,
231,PH207xMo276,77,15,
231,PH207xMo276,77,16,
231,PH207xMo276,77,16,
231,PH207xMo276,76,11,
231,PH207xMo276,77,11,
231,PH207xMo276,76,17,
231,PH207xMo276,75,18,
231,PH207xMo276,76,24,
232,PH207xMo284,93,36,
232,PH207xMo284,89,20,
232,PH207xMo284,88,23,
232,PH207xMo284,80,12,
232,PH207xMo284,91,15,
232,PH207xMo284,71,5,
232,PH207xMo284,88,9,
232,PH207xMo284,87,13,
232,PH207xMo284,82,7,
232,PH207xMo284,85,21,
232,PH207xMo284,91,31,
233,PH207xMo288,76,12,
233,PH207xMo288,77,24,
233,PH207xMo288,83,16,
233,PH207xMo288,73,13,
233,PH207xMo288,75,13,
233,PH207xMo288,81,23,
233,PH207xMo288,77,29,
233,PH207xMo288,72,19,
233,PH207xMo288,73,30,
234,PH207xMo298,74,18,
234,PH207xMo298,75,19,
234,PH207xMo298,75,16,
234,PH207xMo298,78,16,
234,PH207xMo298,77,9,
234,PH207xMo298,74,7,
234,PH207xMo298,78,19,
234,PH207xMo298,80,13,
234,PH207xMo298,72,12,
234,PH207xMo298,68,5,
234,PH207xMo298,77,12,
234,PH207xMo298,76,10,
234,PH207xMo298,80,18,
235,PH207xMo309,88,15,
235,PH207xMo309,86,11,
235,PH207xMo309,86,6,
235,PH207xMo309,85,10,
235,PH207xMo309,83,11,
235,PH207xMo309,84,10,
235,PH207xMo309,80,8,
235,PH207xMo309,87,12,
235,PH207xMo309,85,16,
235,PH207xMo309,79,21,
235,PH207xMo309,84,18,
235,PH207xMo309,83,22,
235,PH207xMo309,82,23,
236,PH207xMo311,78,21,
236,PH207xMo311,71,16,
236,PH207xMo311,79,16,
236,PH207xMo311,67,3,
236,PH207xMo311,77,8,
236,PH207xMo311,74,13,
236,PH207xMo311,70,10,
236,PH207xMo311,73,11,
236,PH207xMo311,77,10,
236,PH207xMo311,74,11,
236,PH207xMo311,75,12,
236,PH207xMo311,78,19,
237,PH207xMo317,78,25,
237,PH207xMo317,81,12,
237,PH207xMo317,79,14,
237,PH207xMo317,72,11,
237,PH207xMo317,65,13,
237,PH207xMo317,77,9,
237,PH207xMo317,80,13,
237,PH207xMo317,79,16,
237,PH207xMo317,79,13,
237,PH207xMo317,80,10,
237,PH207xMo317,72,15,
237,PH207xMo317,84,34,
238,PH207xMo323,85,19,
238,PH207xMo323,81,22,
238,PH207xMo323,82,19,
238,PH207xMo323,84,25,
238,PH207xMo323,73,9,
238,PH207xMo323,78,9,
238,PH207xMo323,82,21,
238,PH207xMo323,76,17,
238,PH207xMo323,78,13,
238,PH207xMo323,84,6,
238,PH207xMo323,85,31,
238,PH207xMo323,80,24,
239,PH207xMo325,87,10,
239,PH207xMo325,85,14,
239,PH207xMo325,83,12,
239,PH207xMo325,78,8,
239,PH207xMo325,72,5,
239,PH207xMo325,80,9,
239,PH207xMo325,78,8,
239,PH207xMo325,78,8,
239,PH207xMo325,73,6,
239,PH207xMo325,81,10,
239,PH207xMo325,86,17,
239,PH207xMo325,80,9,
239,PH207xMo325,74,13,
239,PH207xMo325,72,8,
239,PH207xMo325,79,9,
240,PH207xMo346,75,30,
240,PH207xMo347,72,11,
240,PH207xMo348,75,18,
240,PH207xMo349,77,14,
240,PH207xMo350,69,5,
240,PH207xMo351,72,21,
240,PH207xMo352,74,15,
240,PH207xMo353,62,4,
240,PH207xMo354,78,15,
240,PH207xMo355,67,4,
240,PH207xMo356,77,9,
240,PH207xMo357,74,15,
240,PH207xMo358,80,16,
240,PH207xMo359,75,7,
240,PH207xMo360,80,13,
240,PH207xMo361,89,40,
241,PH207xMo352,66,14,
241,PH207xMo353,67,8,
241,PH207xMo354,81,14,
241,PH207xMo355,68,8,
241,PH207xMo356,73,11,
241,PH207xMo357,62,4,
241,PH207xMo358,63,2,
241,PH207xMo359,67,5,
241,PH207xMo360,66,7,
241,PH207xMo361,60,6,
241,PH207xMo362,69,15,
241,PH207xMo363,66,7,
241,PH207xMo364,72,19,
242,PH207xMo354,69,21,
242,PH207xMo354,68,12,
242,PH207xMo354,70,11,
242,PH207xMo354,65,7,
242,PH207xMo354,71,12,
242,PH207xMo354,67,10,
242,PH207xMo354,66,7,
242,PH207xMo354,73,7,
242,PH207xMo354,71,11,
242,PH207xMo354,68,11,
242,PH207xMo354,73,10,
242,PH207xMo354,69,18,
242,PH207xMo354,76,26,
243,PH207xMo355,80,13,
243,PH207xMo355,73,14,
243,PH207xMo355,74,11,
243,PH207xMo355,74,10,
243,PH207xMo355,78,10,
243,PH207xMo355,70,9,
243,PH207xMo355,77,3,
243,PH207xMo355,70,10,
243,PH207xMo355,64,4,
243,PH207xMo355,62,5,
243,PH207xMo355,72,9,
243,PH207xMo355,70,13,
243,PH207xMo355,74,15,
244,PH207xMo357,70,29,
244,PH207xMo357,68,14,
244,PH207xMo357,70,10,
244,PH207xMo357,66,7,
244,PH207xMo357,73,10,
244,PH207xMo357,69,11,
244,PH207xMo357,68,8,
244,PH207xMo357,70,8,
244,PH207xMo357,76,11,
244,PH207xMo357,80,12,
244,PH207xMo357,68,9,
244,PH207xMo357,78,28,
244,PH207xMo357,78,21,
245,PH207xMo360,81,24,
245,PH207xMo360,80,15,
245,PH207xMo360,73,12,
245,PH207xMo360,77,11,
245,PH207xMo360,72,12,
245,PH207xMo360,78,20,
245,PH207xMo360,72,9,
245,PH207xMo360,74,15,
245,PH207xMo360,70,13,
245,PH207xMo360,70,10,
245,PH207xMo360,65,15,
245,PH207xMo360,62,7,
245,PH207xMo360,65,9,
245,PH207xMo360,66,17,
246,PH207xMo364,70,20,
246,PH207xMo364,70,16,
246,PH207xMo364,61,4,
246,PH207xMo364,70,17,
246,PH207xMo364,62,6,
246,PH207xMo364,68,23,
246,PH207xMo364,75,26,
246,PH207xMo364,66,11,
246,PH207xMo364,71,13,
246,PH207xMo364,77,21,
246,PH207xMo364,76,21,
246,PH207xMo364,79,19,
246,PH207xMo364,81,15,
246,PH207xMo364,79,21,
247,PH207xMo365,81,15,
247,PH207xMo365,81,20,
247,PH207xMo365,66,11,
247,PH207xMo365,81,8,
247,PH207xMo365,74,17,
247,PH207xMo365,82,8,
247,PH207xMo365,82,7,
247,PH207xMo365,82,15,
247,PH207xMo365,81,14,
247,PH207xMo365,83,16,
247,PH207xMo365,82,25,
248,PH207xMo368,79,20,
248,PH207xMo368,69,8,
248,PH207xMo368,79,10,
248,PH207xMo368,74,8,
248,PH207xMo368,76,11,
248,PH207xMo368,72,10,
248,PH207xMo368,71,11,
248,PH207xMo368,68,6,
248,PH207xMo368,71,8,
248,PH207xMo368,71,6,
248,PH207xMo368,76,11,
249,PH207xMo383,74,11,
249,PH207xMo383,66,9,
249,PH207xMo383,67,7,
249,PH207xMo383,74,9,
249,PH207xMo383,63,4,
249,PH207xMo383,69,4,
249,PH207xMo383,71,6,
249,PH207xMo383,67,12,
249,PH207xMo383,70,8,
249,PH207xMo383,72,13,
249,PH207xMo383,71,3,
249,PH207xMo383,70,10,
249,PH207xMo383,71,2,
249,PH207xMo383,74,14,
249,PH207xMo383,73,21,
250,PH207xIBMB73,79,27,
250,PH207xIBMB73,75,29,
250,PH207xIBMB73,81,7,
250,PH207xIBMB73,82,19,
250,PH207xIBMB73,70,8,
250,PH207xIBMB73,84,28,
250,PH207xIBMB73,74,9,
250,PH207xIBMB73,74,18,
250,PH207xIBMB73,73,14,
250,PH207xIBMB73,68,7,
250,PH207xIBMB73,76,17,
250,PH207xIBMB73,80,14,
250,PH207xIBMB73,84,17,
250,PH207xIBMB73,85,18,